asa,name,unit_name,address
377674603,AlgorillaArmy#3,AGA3,NB74JTELAPWHOGGGPNK6VYYPFWVBPBC7BRLKC27RYB5PNGYAHONH6A5HSU
377671420,AlgorillaArmy#1,AGA1,VBA4PPDCXOQIYKANZJFOLXUR4LPGUS7TCU4HTJ2YIYVFXE47N2E6MYIEEM
377675803,AlgorillaArmy#4,AGA4,EJPQHS5KE2VHZT4HDCMIQGAMD6HABRJJGLTUCNJCUYCI7JBZDSCYE3QV6Y
377673461,AlgorillaArmy#2,AGA2,VBA4PPDCXOQIYKANZJFOLXUR4LPGUS7TCU4HTJ2YIYVFXE47N2E6MYIEEM
377678261,AlgorillaArmy#5,AGA5,I2URZNGINXZD4SSKNXATIOUG63UKKR2YXYQW7CRTGUILIQR4N7YA3LSLXE
377692895,AlgorillaArmy#11,AGA11,KGOY6SEJDURXJYKJEHYLOOSKSQXBGY5AH4F5FEXMRSNAJV7EUL6FBEML7M
377685288,AlgorillaArmy#9,AGA9,VBA4PPDCXOQIYKANZJFOLXUR4LPGUS7TCU4HTJ2YIYVFXE47N2E6MYIEEM
377694139,AlgorillaArmy#12,AGA12,EJPQHS5KE2VHZT4HDCMIQGAMD6HABRJJGLTUCNJCUYCI7JBZDSCYE3QV6Y
377699124,AlgorillaArmy#16,AGA16,P6S2HDPOJAL7AMZ5FSOT6QXCQDDTM5DLLDF2SGYK7P5JEGBESUOXOP4CWI
377723886,AlgorillaArmy#29,AGA29,FUDFK2NWOVXU3HM7WFAFC6ZOBDBOYIAKD6FWGZSOZ4UNOK6OBB4DYNN2DI
377726544,AlgorillaArmy#30,AGA30,4NQY3NPQGBIYXO62RKJE3Z7K76YZNGEVMGCY6QOKALVBTIKCZYBQNKQEME
377729659,AlgorillaArmy#32,AGA32,O6ITL3DHW6POOY6I75EABHLSJ6DJYJIAWO7JGM5RDMMHYZ2FVNIIN3SZXQ
377722721,AlgorillaArmy#28,AGA28,RX66Y3BZSLL6LDZQE7LOZO7XKKCK675YTZ7NM25ZIRGCITYSJDDNY4HHHE
377720740,AlgorillaArmy#27,AGA27,IKOAM4WG3OQQB5VE3UQY52HT3QJ65GBJUN5EXQ37DW2TMU47ULH43TIVK4
377696632,AlgorillaArmy#14,AGA14,H2AV2KJPBY6BHGVUZJAESWBPB2DTDQ5MLNZQL4REIRVRAEJ64P5HUDVPPU
377728012,AlgorillaArmy#31,AGA31,RX66Y3BZSLL6LDZQE7LOZO7XKKCK675YTZ7NM25ZIRGCITYSJDDNY4HHHE
377737475,AlgorillaArmy#38,AGA38,7D4GI6BK3K4CYIK5EHWNQBRHGVXDZLA26NCPP2B7MBMBPAD6P5C3IVWCJI
377703933,AlgorillaArmy#18,AGA18,ORVKAW7W6RSLFSBAFFMC7H4JNPXJ3QA2VDQ575JAYCZSDEZRZ6AWJ2WAFU
377691767,AlgorillaArmy#10,AGA10,EQFVG4S4GWU3VOADVENCRDHKR2U3VX5VTE2KPOKLQHDJSQMVTMDCUGI26A
377742125,AlgorillaArmy#41,AGA41,XGT3FU3GIBPDHBL34FZCJUYIIXQDKRUT7VBXYCQAOGVMJDMG3ZWG7O6PIE
377681409,AlgorillaArmy#6,AGA6,6CZWV3M4OVDNNGFEOWCSFRJUQLKL6KR2QJEPYDP66GZC4C6KB7HMSSXAV4
377731865,AlgorillaArmy#34,AGA34,IIYRGK3GI3JZYGCCV2QQLOTYFSZL7M4UQTDB2Y22IX2TP4K7W4ZLXFBLVY
377716839,AlgorillaArmy#24,AGA24,KCQHW3G3KJHHUMFYFZNTBR2QYQEJKN2PENVJWHQUBC3OWAIEFZ7ID7IGWI
377695238,AlgorillaArmy#13,AGA13,UPQ33WUL4XXXTOEVNZ62R77CNM5TGAORSRXGKN6WC245ELEQZXIMB7NNM4
377684008,AlgorillaArmy#8,AGA8,EQFVG4S4GWU3VOADVENCRDHKR2U3VX5VTE2KPOKLQHDJSQMVTMDCUGI26A
377682722,AlgorillaArmy#7,AGA7,Y4HIRYAENFEY6OE55WQYW27Z2LRQ5DZB4VOQBOISXHFPABZRUISVIQK6YE
377714386,AlgorillaArmy#22,AGA22,6RWB7C3RPMG556RC7PAHRDYP566COY4BRYUYQ5MOEBZGOQIHQ4HVIRPR4I
377748035,Algorilla#45,AGA45,4DJ7PHCNN37UZVEEFBAOXKO7BRT7GW5J5FJGPAQOB655JWRXN2PCS3VEGM
377752015,AlgorillaArmy#48,AGA48,ABVGIW4L54GQHLQM6VWYHAJT6JUSVJBFI2Y2IZEECNQ77HT4G52MWDCU3I
377743199,AlgorillaArmy#42,AGA42,ZXJK4ST5RWH56NHB54DHU647BZMUHLU7MWE4QGV2UBER4MIBQ3EHCMG5RM
378825888,AlgorillaArmy#52,AGA52,4NQY3NPQGBIYXO62RKJE3Z7K76YZNGEVMGCY6QOKALVBTIKCZYBQNKQEME
377702704,AlgorillaArmy#17,AGA17,DNGNQHQVABSSIQCTWLVWRJZXF6XPFZ2N5CGCEL3GOXRLO7DOWYTTID3BWU
377754400,AlgorillaArmy#50,AGA50,3YX5GU4HSAH3IKOFG73AIO2IHMS52Q5IJ7EYC23MMA7GE4WS2L37N36HCY
377753179,AlgorillaArmy#49,AGA49,Q4H4AEV7YITN4M5YPKGYYFNHDUHX5IG6YSX22L33P3GSSXFYP4QZZRMUUA
377749597,AlgorillaArmy#46,AGA46,SC67EFSIHZNPALWFNAXEG5G7SG2VNC5BD6RVQWOCUGM2EEAKH53LU75GPU
378834150,AlgorillaArmy#55,AGA55,JRWNSVQ5ERBPP3WVRXYMXJZAOAX7RXTOPGAMX24TZX7DUVAUE4MVN4BPMY
378837618,AlgorillaArmy#57,AGA57,EORHM275NYGIUTNEQFPWE4VWUHXLBETZZZTJAHKLWUBEHRRHQSWPL67BPE
377719662,AlgorillaArmy#26,AGA26,CORBKGTMCPAWKA55A7T6FJUHD4KIVKT4PQNOPCLH6ZHVYKNV3P53A7EXLA
377730790,AlgorillaArmy#33,AGA33,CORBKGTMCPAWKA55A7T6FJUHD4KIVKT4PQNOPCLH6ZHVYKNV3P53A7EXLA
377733230,AlgorillaArmy#35,AGA35,EQFVG4S4GWU3VOADVENCRDHKR2U3VX5VTE2KPOKLQHDJSQMVTMDCUGI26A
378873816,AlgorillaArmy#61,AGA61,2M44DEQBJ6MV2KTZUSDA2H3VHWWQR3MA43E5LS756XIRF4WZAWVJKZKF7Y
378875356,AlgorillaArmy#63,AGA63,MTDMQMPI7KXZM232IPF4ZXPCVA2H3KPOVSBHT43OHDCDNIS746RTCY3FQ4
377745393,AlgorillaArmy#43,AGA43,I26BHULCOKKBNFF3KEXVH3KWMBK3VWJFKQXYOKFLW4UAET4U4MESL3BIP4
377736419,AlgorillaArmy#37,AGA37,FCUD3AYN6ZIYXIOOD6P3PLDXBFIRZXYLX7V2IW3P4ZFYMSX5WVRBYU45II
378823684,AlgorillaArmy#51,AGA51,EJPQHS5KE2VHZT4HDCMIQGAMD6HABRJJGLTUCNJCUYCI7JBZDSCYE3QV6Y
378880445,AlgorillaArmy#65,AGA65,PVHWJAQYYX6C2AFVLP3Z4KJ5GWB3JAS47FG7USZXLI6VT677HPKECA65TY
378881197,AlgorillaArmy#66,AGA66,25RBC77BNLCQ5FBZEBRZE5TPOAXCHGETPWVKNTAZRAMNP2KZ7OVDLH5K5U
377697837,AlgorillaArmy#15,AGA15,ZI7JQM4MESHTDXGBX53VGBC37OF47B2GKUMSZESTLDVU2W4BZZLQ6YFD5U
377717992,AlgorillaArmy#25,AGA25,RYAMX6ZCK3PDTLYFQEXXBIH7CIOXEYPSNZIBVWEKDVAU7ROHSYY5FA2GTY
378911884,AlgorillaArmy#73,AGA73,YICY5AS7SCC6IXUDVBRFRWS2J25MTGUER6BALUX23EX66LIPBONETCHGNM
378916358,AlgorillaArmy#75,AGA75,FUDFK2NWOVXU3HM7WFAFC6ZOBDBOYIAKD6FWGZSOZ4UNOK6OBB4DYNN2DI
378879791,AlgorillaArmy#64,AGA64,HJRSA72EXJ3YSBUOYZ4BKWLNINRA5O7Y3P4WQ6XTEDM7DXCBKUYBCCDLXI
378898298,AlgorillaArmy#71,AGA71,66GSSNP7LE6VQMLLQIN62GA54IS3JJGS4U3PLRH2K36I5XENGSEWPSM2QU
377734918,AlgorillaArmy#36,AGA36,GOJGUIYTHGNKCT5Z5PCX645J5AKI66V4OS7AD2DMOHO6OLUTPT4FLV5XSE
378936537,AlgorillaArmy#81,AGA81,CATHGANQH4MSAHREKPLB62QQFMUFFWWTFV6VR6A4HTY77XWKQFPMQAMK4A
377740989,AlgorillaArmy#40,AGA40,EQFVG4S4GWU3VOADVENCRDHKR2U3VX5VTE2KPOKLQHDJSQMVTMDCUGI26A
377750647,AlgorillaArmy#47,AGA47,X2O3YKBN5HVASEYU7SLPSBNJREPADCIEGYX5H777DNJS3Y7PA4PG7TV75Q
379123534,AlgorillaArmy#86,AGA86,6B6ARHHTCDMAMVTFLEIZKSWXDYAV53SPAT6FBA3MK5RTA6G3SW4GQBBRCM
378943007,AlgorillaArmy#83,AGA83,4WTQLJJZOA3VB7NJFGS2IPF7D7VBOYQMR5S6NFBY24XLKF3P234BKCIBLY
379124416,AlgorillaArmy#87,AGA87,FZP4BMGP4OEUB7NGCDSXSQ6KBLSUOXX5VKG4FR7KGDZRZSJOULKGRP3J6Y
379128557,AlgorillaArmy#88,AGA88,4W5CCPNJP4SL75U25MWD7PIUFUYF5DNV5TJBZTXLRS3FHQBFVE4TUUUSCA
377746632,AlgorillaArmy#44,AGA44,XAFRHDEBAFZNPQO2F4L4BV4YZMY4OG7KGML36URVX47NJNPBKMTM2YNCII
378927995,AlgorillaArmy#78,AGA78,YEXPMKRK6UBGY4BQ7LQGEOPQX7NXSE3HCMU5RSYK5BD2ZXZ4SA4ILT6SOE
378935942,AlgorillaArmy#80,AGA80,HJRSA72EXJ3YSBUOYZ4BKWLNINRA5O7Y3P4WQ6XTEDM7DXCBKUYBCCDLXI
378889133,AlgorillaArmy#69,AGA69,F52EZALFMSTYVG74I3BY3WV4E6ACGSZ6H33OGD6ZBH7MZEOGT672EFARCQ
379203813,AlgorillaArmy#97,AGA97,O6ITL3DHW6POOY6I75EABHLSJ6DJYJIAWO7JGM5RDMMHYZ2FVNIIN3SZXQ
378832091,AlgorillaArmy#54,AGA54,7666EISCAZ6NSIB5MR633UKU5PU4LF2KGDAN2U6AMSQ7EPVJWAITX5EG7M
378889726,AlgorillaArmy#70,AGA70,PVHWJAQYYX6C2AFVLP3Z4KJ5GWB3JAS47FG7USZXLI6VT677HPKECA65TY
379201775,AlgorillaArmy#95,AGA95,FP7DXJCM5R2MGBZAGFUE2UC6PSOYEPE7CEQKIALIAEA3OGCVUGCQNL3H4A
379794576,AlgorillaArmy#100,AGA100,O6ITL3DHW6POOY6I75EABHLSJ6DJYJIAWO7JGM5RDMMHYZ2FVNIIN3SZXQ
378921778,AlgorillaArmy#76,AGA76,O6ITL3DHW6POOY6I75EABHLSJ6DJYJIAWO7JGM5RDMMHYZ2FVNIIN3SZXQ
379799957,AlgorillaArmy#101,AGA101,BDMOQVMGIK4ECQTSBNXPG3RU5DPN2AXPWWOESE6YIYW6BNAW4XVBDEP3T4
378911088,AlgorillaArmy#72,AGA72,EC6RX2NCEMWEMTS3GHQQGJSERJQNY63MDYRHCHIILSEKGKEQGT4NHTYRHM
379202881,AlgorillaArmy#96,AGA96,OLKYPN4NHXNQWAAVJJHZWUGU22BCOFGQW47HSICZJXQ6K56SWY3BWB25XA
378831282,AlgorillaArmy#53,AGA53,7666EISCAZ6NSIB5MR633UKU5PU4LF2KGDAN2U6AMSQ7EPVJWAITX5EG7M
380018088,AlgorillaArmy#104,AGA104,EJPQHS5KE2VHZT4HDCMIQGAMD6HABRJJGLTUCNJCUYCI7JBZDSCYE3QV6Y
384643281,AlgorillaArmy#112,AGA112,YVGAIY7LRDLQ4NTIUZAZHVF7F7SAMX55ICQA46MK7AGNLE7BFPVZ6ARNFE
378863340,AlgorillaArmy#59,AGA59,D4W7HMIYKQJRTZG6KIEP5AJP3V4RJ36WPFZOBCWBE4SJCQWYISMSETRNIQ
384636194,AlgorillaArmy#107,AGA107,EJPQHS5KE2VHZT4HDCMIQGAMD6HABRJJGLTUCNJCUYCI7JBZDSCYE3QV6Y
379113349,AlgorillaArmy#85,AGA85,XXAVBGQVEQDKVF2L236UGVNBVICACBRHMGABGBS255ZHFBNSTTP3V5EI3Q
378862455,AlgorillaArmy#58,AGA58,D4W7HMIYKQJRTZG6KIEP5AJP3V4RJ36WPFZOBCWBE4SJCQWYISMSETRNIQ
378886484,AlgorillaArmy#68,AGA68,RXFBJEAJRX4BBBLNZHUCBWA6YAMQBZQ2YETYNWUQV35R2QMC2XRDVXVWIE
384648517,AlgorillaArmy#114,AGA114,TFTSWEHBH62PDFIOYNLOUTR2UTPQXQJ6SHG2PWMQ4XTMXNZ436ZXOBO6WQ
384634771,AlgorillaArmy#106,AGA106,IIYRGK3GI3JZYGCCV2QQLOTYFSZL7M4UQTDB2Y22IX2TP4K7W4ZLXFBLVY
384640994,AlgorillaArmy#110,AGA110,Z5HLNXIUBDKMLIZZLLXGGVXJRNJY4S5FC4Q24APVO73BXOPJU6D5OCXVV4
378873149,AlgorillaArmy#60,AGA60,MIYXQAGY2KB7MLOGJVJ6NOXNTGNVRJSDD6U62XJVQCPE5OCYUTNLJDEUGI
378835255,AlgorillaArmy#56,AGA56,HLPL7VVFXB75VPAEKFBJWHRHARIBEOAFM6VXHVSIRLYRQL42FE2YI7STTU
378922707,AlgorillaArmy#77,AGA77,PLCXWHTAPQEKGATW6SBJUOH3JHCFBYFPFSYWYZ7YMODE6IQ7JCRSKK6SRI
380192131,AlgorillaArmy#105,AGA105,MV6CIRS3CK7Y2BD64LZRG2LZPBRSY2MLB7YTALVOI4FRAWFDIPAAY3MDH4
384656013,AlgorillaArmy#118,AGA118,ZUJEZZ5FVDZ73FKWN34NKZLILQH2CQIKWZTUQ2RJMN6EB265NE2P53HM5A
378874465,AlgorillaArmy#62,AGA62,JJ7WAHQDWLCHNKEZPLGKFF4Y4OLKYY2HNZH7GBBCZXZ3Y4LKVBSXM6RMR4
378930177,AlgorillaArmy#79,AGA79,5SUHH5CXOOHO6C4YQNOU435MC7XN3NDMVT7MFXMQXDU74Q4AWWWHEKSAFI
384642191,AlgorillaArmy#111,AGA111,KGOY6SEJDURXJYKJEHYLOOSKSQXBGY5AH4F5FEXMRSNAJV7EUL6FBEML7M
384652743,AlgorillaArmy#116,AGA116,ZXJK4ST5RWH56NHB54DHU647BZMUHLU7MWE4QGV2UBER4MIBQ3EHCMG5RM
384657921,AlgorillaArmy#119,AGA119,PILLARHQYQ2MAPGZGSSRMFQUSV42PEWZ2XAXMHXATDUITGD74GAYFWO4UM
378913647,AlgorillaArmy#74,AGA74,FR4XSE4W5HPTYTUE7KKPAFAJ4C27NIPE5FCJOMYX7MHWWM3DJ45NBLXP5I
378885528,AlgorillaArmy#67,AGA67,U3N2EKHX4RW4YRSFWXUQY4YPU6AEDFKF7CNR3BTQ5YVT7H7CP7KBF72SGU
378937277,AlgorillaArmy#82,AGA82,O6ITL3DHW6POOY6I75EABHLSJ6DJYJIAWO7JGM5RDMMHYZ2FVNIIN3SZXQ
379185950,AlgorillaArmy#93,AGA93,EQFVG4S4GWU3VOADVENCRDHKR2U3VX5VTE2KPOKLQHDJSQMVTMDCUGI26A
379141728,AlgorillaArmy#90,AGA90,TRYJLP3MWVVY7B2YPWVGUWVHW575UXEHCBRS5JWEU5U6VW3PU64UPXJ7IY
379157301,AlgorillaArmy#92,AGA92,IG3XWSFEEA5463G5OCQNMJUXW6U6OK4RSLWUAR7BGJ3D7OS223NBQGBQOI
379192133,AlgorillaArmy#94,AGA94,IGUCD47RCHI5SIEJBVZKW67YW34XI4WS3EWZ7YGIUJPQGDDVSSZ7HR6QOA
384672929,AlgorillaArmy#129,AGA129,X3OWMJHRJY2BB2YSBYT4HU6GFIFAATT7U3PE4225U55JI7GA4CTJGWNFXY
384659127,AlgorillaArmy#120,AGA120,EJPQHS5KE2VHZT4HDCMIQGAMD6HABRJJGLTUCNJCUYCI7JBZDSCYE3QV6Y
384639807,AlgorillaArmy#109,AGA109,YRAEVMQNQ6SIHOKVKG3XBRK5K5DM2PNN5GLKHGB5YZILX5WCSPF4HGSFTE
384650236,AlgorillaArmy#115,AGA115,EQFVG4S4GWU3VOADVENCRDHKR2U3VX5VTE2KPOKLQHDJSQMVTMDCUGI26A
384644551,AlgorillaArmy#113,AGA113,F52EZALFMSTYVG74I3BY3WV4E6ACGSZ6H33OGD6ZBH7MZEOGT672EFARCQ
384666518,AlgorillaArmy#125,AGA125,F52EZALFMSTYVG74I3BY3WV4E6ACGSZ6H33OGD6ZBH7MZEOGT672EFARCQ
384682261,AlgorillaArmy#136,AGA136,I2URZNGINXZD4SSKNXATIOUG63UKKR2YXYQW7CRTGUILIQR4N7YA3LSLXE
384681492,AlgorillaArmy#135,AGA135,4HQFAJMQYAZINNF3S3N5YGY445EPA6CMBQJPY7UB3RPCPKXSJVKIELTTHI
384689410,AlgorillaArmy#143,AGA143,25RBC77BNLCQ5FBZEBRZE5TPOAXCHGETPWVKNTAZRAMNP2KZ7OVDLH5K5U
379140653,AlgorillaArmy#89,AGA89,TRYJLP3MWVVY7B2YPWVGUWVHW575UXEHCBRS5JWEU5U6VW3PU64UPXJ7IY
384691183,AlgorillaArmy#145,AGA145,5GRXDRQRNFM3XDWDF36ZEIHO6UUYUFY367G6EMUNWUZMZQOB2WWT3FWGHY
384686301,AlgorillaArmy#140,AGA140,KGOY6SEJDURXJYKJEHYLOOSKSQXBGY5AH4F5FEXMRSNAJV7EUL6FBEML7M
379205034,AlgorillaArmy#98,AGA98,RYAMX6ZCK3PDTLYFQEXXBIH7CIOXEYPSNZIBVWEKDVAU7ROHSYY5FA2GTY
384664832,AlgorillaArmy#123,AGA123,F52EZALFMSTYVG74I3BY3WV4E6ACGSZ6H33OGD6ZBH7MZEOGT672EFARCQ
384683634,AlgorillaArmy#137,AGA137,AAG5TXAOZM5BFTUY7QTSDBGD624WZ7XRLRIOBHQGIWOVILTAAGAS72JKT4
384670995,AlgorillaArmy#128,AGA128,F52EZALFMSTYVG74I3BY3WV4E6ACGSZ6H33OGD6ZBH7MZEOGT672EFARCQ
379147413,AlgorillaArmy#91,AGA91,NB74JTELAPWHOGGGPNK6VYYPFWVBPBC7BRLKC27RYB5PNGYAHONH6A5HSU
379829265,AlgorillaArmy#102,AGA102,ZKT77BRURE6BO27V6ERF2T3FU4KVQN2F2OOF5LZUKDU3XLCUHW2QY7H2EA
384675621,AlgorillaArmy#131,AGA131,F52EZALFMSTYVG74I3BY3WV4E6ACGSZ6H33OGD6ZBH7MZEOGT672EFARCQ
384695738,AlgorillaArmy#149,AGA149,EJPQHS5KE2VHZT4HDCMIQGAMD6HABRJJGLTUCNJCUYCI7JBZDSCYE3QV6Y
380017016,AlgorillaArmy#103,AGA103,YNWY3NWDGVQKWUJCOZELRLQ7EIB6XBSCII6DEQXALGAH3L2UZTKICZOBFM
384703221,AlgorillaArmy#156,AGA156,F52EZALFMSTYVG74I3BY3WV4E6ACGSZ6H33OGD6ZBH7MZEOGT672EFARCQ
384660125,AlgorillaArmy#121,AGA121,B65TFJP7LLFQA7LUWFROGTLINUF3KUUFJ2QTD7FHGDEYIGICOWZIGGYW5E
384704044,AlgorillaArmy#157,AGA157,S56G74434XJGVIW4FRCY7HDN2HHFJRRORHARQAD5QZOE3AIM2UE42WGOUM
384708605,AlgorillaArmy#159,AGA159,57D7CB4L64CMHZFNQ57EZ22FVOD4XDE262PTIUA4U4A4MUYOGM72A2DCYE
384684442,AlgorillaArmy#138,AGA138,O5XWWXAFWUWRJKCAAXQCZQ47YG4IVKNPPWBVNH7RCJZEGA37OXJ5I573XY
384637644,AlgorillaArmy#108,AGA108,VTWTQKW5EKENXSP4BCQACUEEU3X3UQDXFXSI46UBL6775FZRXZKHCNZBYY
384709600,AlgorillaArmy#160,AGA160,JRWNSVQ5ERBPP3WVRXYMXJZAOAX7RXTOPGAMX24TZX7DUVAUE4MVN4BPMY
384654600,AlgorillaArmy#117,AGA117,U6MSVSGUKBRGQRXLU2XBS6A3FWLIL4EDYODWKFNZJHCBXPRXU2I4A64LKA
384685274,AlgorillaArmy#139,AGA139,F52EZALFMSTYVG74I3BY3WV4E6ACGSZ6H33OGD6ZBH7MZEOGT672EFARCQ
384714676,AlgorillaArmy#165,AGA165,NLRJEYMCVMS7VUGVIEE5TTRWLLSBLO6FOA5HTUYF3O6UKWMNBXLMQBLQRU
384663810,AlgorillaArmy#122,AGA122,IH5SOYVSFHY3LKELUWG5QOCVLDHPWFCKEJ3S64QQM4WIVAZVQBSIXRDRSM
383709602,AlgorillaArmy#501,AGA501,6CZWV3M4OVDNNGFEOWCSFRJUQLKL6KR2QJEPYDP66GZC4C6KB7HMSSXAV4
384677514,AlgorillaArmy#132,AGA132,TRUAPE2SBUIP6T62JBY7BS2R6P3IXLEQEZLEDQFA57I6S6MEZBDOK7I37Y
384723077,AlgorillaArmy#168,AGA168,EYNJC65Z6FOSUKZ5HDYCRGQKFWHUX5XGIH756BK36ERF5LIGQ5PCA5CNGQ
384713792,AlgorillaArmy#164,AGA164,ZXJK4ST5RWH56NHB54DHU647BZMUHLU7MWE4QGV2UBER4MIBQ3EHCMG5RM
384713002,AlgorillaArmy#163,AGA163,KGOY6SEJDURXJYKJEHYLOOSKSQXBGY5AH4F5FEXMRSNAJV7EUL6FBEML7M
384678953,AlgorillaArmy#133,AGA133,C3W7N5WC7FX4SYX6J6F4HVC6R624HFATSTK7EVJDFVL52SSNOQHSYMPGRQ
384674390,AlgorillaArmy#130,AGA130,YPHK3DUJEHJW2WULPBQ4OZHRVRZLVUMQRCILUKG7URLMFFMTWRQRPET4QY
384680230,AlgorillaArmy#134,AGA134,4NDRVSLUITX5VXB6SAN76N5WD2FPHS7JUFLTKS2ZB2KU2R62TONGSEVBDU
384665664,AlgorillaArmy#124,AGA124,HA6YFONTS52JVAARAHUGNM7443KHMMJWWNES3CGNBE372Y3LUJBSMFQRDU
384700342,AlgorillaArmy#153,AGA153,XGT3FU3GIBPDHBL34FZCJUYIIXQDKRUT7VBXYCQAOGVMJDMG3ZWG7O6PIE
384687630,AlgorillaArmy#141,AGA141,RPWKOP25RTFPS3WZOVRCZTL7XQR4J4BCHY4EW3BXVMFYS4TYAX6MI6GAVQ
384688419,AlgorillaArmy#142,AGA142,PNVDFSETZEBXKTKDXEVUOYXLIVFY2WQTPUIURH5D6NB7XBYAHZNPG2BD5A
384755242,AlgorillaArmy#188,AGA188,Z5HLNXIUBDKMLIZZLLXGGVXJRNJY4S5FC4Q24APVO73BXOPJU6D5OCXVV4
384690162,AlgorillaArmy#144,AGA144,T3OEOWYIUTBPQRU7TCT2FVBWRVPERR2XFVCICAUJ7TCCHT4KCH4ZLJM4KI
384739980,AlgorillaArmy#177,AGA177,TJZBIBSQOPTNIWZT266FLZ2DW6DU4TK3WRTXD2735A4JQN4MBIPH267QWM
384702176,AlgorillaArmy#155,AGA155,QRUVZE54EYLY57F753A6DQCNRWHVGOESSEGDWQT3W2TTBPH4ADWDXUMY2Y
384758269,AlgorillaArmy#190,AGA190,7D4GI6BK3K4CYIK5EHWNQBRHGVXDZLA26NCPP2B7MBMBPAD6P5C3IVWCJI
384751446,AlgorillaArmy#186,AGA186,6ANO7BWIIKAU4QXQTQ33GKDPII5MAXCJ64SS6B3TIPBBQM3FHVSJTHPZGE
384759869,AlgorillaArmy#191,AGA191,O6ITL3DHW6POOY6I75EABHLSJ6DJYJIAWO7JGM5RDMMHYZ2FVNIIN3SZXQ
384669657,AlgorillaArmy#127,AGA127,QQFGXZAMUHASD73XDJJGJLT35OPJYXGPYRRFN3TUCD66EC2AFWFB2FNAP4
384701475,AlgorillaArmy#154,AGA154,FZY6J6CLIVTPNICVJGYR4MXHVVYTC5UHTSULZGV5TAPEOHI5U2ETRXJ75A
384762476,AlgorillaArmy#193,AGA193,4KJT7SBJJ4Y3WESK5DUBBW6JPZZ427MGA6EIGMR34I3GZZO2XLBV4Y772Q
384697981,AlgorillaArmy#151,AGA151,H2AV2KJPBY6BHGVUZJAESWBPB2DTDQ5MLNZQL4REIRVRAEJ64P5HUDVPPU
384741109,AlgorillaArmy#178,AGA178,HO2VOXXKDTM7RIXJAQDGX2JZ7W55PRDI3K7J2XCYOOAGK2K45TW5Q3ED4Q
384765400,AlgorillaArmy#195,AGA195,SD5VJMJZD4DQXMUQD5VAT6YEX24W5GSCHCRZAN53GZLNLXG7S4HQHSDNPA
384746948,AlgorillaArmy#183,AGA183,KGOY6SEJDURXJYKJEHYLOOSKSQXBGY5AH4F5FEXMRSNAJV7EUL6FBEML7M
384711587,AlgorillaArmy#162,AGA162,DLO6VI4XJJWZOYUHSEKP3MVQZXGEOKDJUTTL5NJIS7UMXAPETOYLX3KNVE
384698776,AlgorillaArmy#152,AGA152,F52EZALFMSTYVG74I3BY3WV4E6ACGSZ6H33OGD6ZBH7MZEOGT672EFARCQ
384756706,AlgorillaArmy#189,AGA189,WQAWW6KBUW44WQTVW7J64VLR22UG254RUFV2N46BAG3I436T4DKVVV5GGA
384720320,AlgorillaArmy#166,AGA166,ZKT77BRURE6BO27V6ERF2T3FU4KVQN2F2OOF5LZUKDU3XLCUHW2QY7H2EA
384707502,AlgorillaArmy#158,AGA158,A6VAZTTD7NYLECAARZBDK2BTVH7BBFAMKHZYYFW7Q35A4QGSVHEQYSRZAA
384693393,AlgorillaArmy#147,AGA147,KEWW7F6MREGFLVHNQB7LW7FV6LBOMBKLE6ISUNVHETDU34FV7RSAKKUYYM
384771653,AlgorillaArmy#203,AGA203,CW6CGZDOBK3DD4UQEI2D3SZGLG4OQICQU3ISGWIQN7R5KVTL7N4YW27I74
384733714,AlgorillaArmy#173,AGA173,F52EZALFMSTYVG74I3BY3WV4E6ACGSZ6H33OGD6ZBH7MZEOGT672EFARCQ
384724844,AlgorillaArmy#170,AGA170,D54SCSA6XGYMNPWUWQRLTQWNAPTZ6TEVMHKDG63HD6RLRIWIDJRCWQLKQM
384721675,AlgorillaArmy#167,AGA167,F52EZALFMSTYVG74I3BY3WV4E6ACGSZ6H33OGD6ZBH7MZEOGT672EFARCQ
384736455,AlgorillaArmy#175,AGA175,FLCZ7QLWZR7FVS6QCNICGEUPL6N2TERIIIT34SVYISLP43ZXGXB2FZZRVU
384732758,AlgorillaArmy#172,AGA172,EQFVG4S4GWU3VOADVENCRDHKR2U3VX5VTE2KPOKLQHDJSQMVTMDCUGI26A
384710503,AlgorillaArmy#161,AGA161,ZKT77BRURE6BO27V6ERF2T3FU4KVQN2F2OOF5LZUKDU3XLCUHW2QY7H2EA
384734704,AlgorillaArmy#174,AGA174,NB74JTELAPWHOGGGPNK6VYYPFWVBPBC7BRLKC27RYB5PNGYAHONH6A5HSU
384723965,AlgorillaArmy#169,AGA169,IH5SOYVSFHY3LKELUWG5QOCVLDHPWFCKEJ3S64QQM4WIVAZVQBSIXRDRSM
384738795,AlgorillaArmy#176,AGA176,G64AGJN4AKLDZCNK3LTWUQPRYEKIRLGXNMQIGWW4DAXRNKJPAJ4AONPRFI
384748272,AlgorillaArmy#184,AGA184,3O6F33XRTT37BEZM3RJYFQGNTVB5PBWVK6P6D3S2PFY4FN6STVE4KFGIBU
408961821,AlgorillaArmy#207,AGA207,HI37QZPKTMPBNZ6J4GTXVBJZYDD3Q5JXIOPWBUSQO4DRRO2GMBH3KDJW5M
384696644,AlgorillaArmy#150,AGA150,IKOAM4WG3OQQB5VE3UQY52HT3QJ65GBJUN5EXQ37DW2TMU47ULH43TIVK4
384731667,AlgorillaArmy#171,AGA171,D4W7HMIYKQJRTZG6KIEP5AJP3V4RJ36WPFZOBCWBE4SJCQWYISMSETRNIQ
408967596,AlgorillaArmy#209,AGA209,TO2FHYAR2PTLIOPHQICRQK544QLDDMT22ZZXE6NT4MLPARIGKSVFRLKA3U
408972582,AlgorillaArmy#211,AGA211,URJQZSFLNVV5AOETQRMAUEFGZ6BBQVB3GUY2OZ4QTMIQ7Y2XPKBKQV6H44
384743353,AlgorillaArmy#180,AGA180,RMF2UPAPH6AL6MZP4M7WASZQFCG74NPNVAH56IXPCNCK7AV6JGVMWANSZE
408989132,AlgorillaArmy#216,AGA216,NVVO5OQ5MHO2ARDRFNUH3NOLX3OWMKR2GJ2ST2KA6OY3ZJHVOGD3VYIIN4
408994704,AlgorillaArmy#219,AGA219,CATHGANQH4MSAHREKPLB62QQFMUFFWWTFV6VR6A4HTY77XWKQFPMQAMK4A
408990790,AlgorillaArmy#217,AGA217,CYHBVBUBQROUSREYIGNNHC7CKDNWYYEPG6MFOU3OIXXJEMOKNEAOQ4X7GI
408982312,AlgorillaArmy#214,AGA214,5LFGFWYSTTTYTAZTPKN4OX26GW6NZ52VHFWY7DH4B3GBP6SNBBKDGBBSPI
409003430,AlgorillaArmy#223,AGA223,ZIG5B3NZNSGZWBCJG4MLB4BFJCCETZCIVEMBTM4JOU3GXDD7MXTATSZ2PM
408969658,AlgorillaArmy#210,AGA210,KDOUTNBNZKTJ4SLOGOT332QSRUS7PWLBQORRZXFG4TZ7EBKTJIDCH4F5N4
408996446,AlgorillaArmy#220,AGA220,FZY6J6CLIVTPNICVJGYR4MXHVVYTC5UHTSULZGV5TAPEOHI5U2ETRXJ75A
409016396,AlgorillaArmy#227,AGA227,SD5VJMJZD4DQXMUQD5VAT6YEX24W5GSCHCRZAN53GZLNLXG7S4HQHSDNPA
384750093,AlgorillaArmy#185,AGA185,ZI7JQM4MESHTDXGBX53VGBC37OF47B2GKUMSZESTLDVU2W4BZZLQ6YFD5U
384741993,AlgorillaArmy#179,AGA179,4QT45IJEA5BAQPKCPOD7SJ566JQSGQ2YYNADVYYD5Q4B2WCII6MPTZY33M
409029251,AlgorillaArmy#230,AGA230,4KJT7SBJJ4Y3WESK5DUBBW6JPZZ427MGA6EIGMR34I3GZZO2XLBV4Y772Q
409035181,AlgorillaArmy#233,AGA233,2ODDBXUUKGHDXBTBCH57RXVTDW2Z6YW4TLVLE6EIB5GYOKLQQY3ZRFBUM4
386004164,AlgorillaArmy#835,AGA835,EQFVG4S4GWU3VOADVENCRDHKR2U3VX5VTE2KPOKLQHDJSQMVTMDCUGI26A
408977210,AlgorillaArmy#212,AGA212,GRLAB42LEXNU2FGUCGBS7667RCJUGGHS3DSJR75R22BFBS57WCLV27KDTU
384745964,AlgorillaArmy#182,AGA182,NB74JTELAPWHOGGGPNK6VYYPFWVBPBC7BRLKC27RYB5PNGYAHONH6A5HSU
387121078,AlgorillaArmy#205,AGA205,KAHS6RRJIK2LSG4BEAZR6NE6BJGSOXII4NPWFTGBYN6VVVPFVUL7N22VNA
384767947,AlgorillaArmy#198,AGA198,M4ZAAHEAMET7JIKZELZDEBXZJEAY4HAGOZY6XUL3VBKGZRFHW5YGATBTL4
409065340,AlgorillArmy#239,AGA239,DDWX2SLFNBQV2FNCWSZPQIXP7RHL5ZIUMAJODO4ZE64XMGZGLG4RI4EKOU
387122163,AlgorillaArmy#206,AGA206,DSEDLYB4BFMHIA5J3DKUSOJ7C4AO4E7KAZ74OHQLB4PT2JXDA6LGLT67GU
409070304,AlgorillaArmy#240,AGA240,7MDCMLBIDSNT5HCROZ7TCOMK3OEEXXVTXRMIIZTQGXSC2ZD7YMY5CUMNVU
409006170,AlgorillaArmy#224,AGA224,Y4HIRYAENFEY6OE55WQYW27Z2LRQ5DZB4VOQBOISXHFPABZRUISVIQK6YE
384761488,AlgorillaArmy#192,AGA192,MIYXQAGY2KB7MLOGJVJ6NOXNTGNVRJSDD6U62XJVQCPE5OCYUTNLJDEUGI
384770971,AlgorillaArmy#202,AGA202,FZY6J6CLIVTPNICVJGYR4MXHVVYTC5UHTSULZGV5TAPEOHI5U2ETRXJ75A
409083413,AlgorillaArmy#244,AGA244,R7HCUCNED4ZPBCHWIMNQVL7JMKPWVW7DVONV77DMAKLG6UTKY7LPUXPENE
384769598,AlgorillaArmy#200,AGA200,O6ITL3DHW6POOY6I75EABHLSJ6DJYJIAWO7JGM5RDMMHYZ2FVNIIN3SZXQ
384768943,AlgorillaArmy#199,AGA199,UOAQZDLKE3ETBJNEUMSZKHITFLVNJKLXOBFDJOSFORDCFZ2GV6INIUIPKQ
395656202,AlgorillaArmy#304,AGA304,J53FGXAFZKRXOUJ4XXUBEO3BCHH4VCW2RQ5TWW6BJD2LS3A332QHD5J24Q
409008680,AlgorillaArmy#225,AGA225,P6S2HDPOJAL7AMZ5FSOT6QXCQDDTM5DLLDF2SGYK7P5JEGBESUOXOP4CWI
384766290,AlgorillaArmy#196,AGA196,QRUVZE54EYLY57F753A6DQCNRWHVGOESSEGDWQT3W2TTBPH4ADWDXUMY2Y
409079923,AlgorillaArmy#243,AGA243,GZUS3ROE6T7QJA4LQTKKS7TGUFON3IZIGI7XLBJPZQDZSZTIYB2A2FDXQM
408984469,AlgorillaArmy#215,AGA215,CUB6FFX6LPYCIN7J3JMBO7F4FJXD3TNG2RKUSBL5FOFQDYPQLUWO3TKRXY
384770337,AlgorillaArmy#201,AGA201,WMLWVPG6TLRW3FZBU3TFB44IYALIDPTWD2IS3WP2QZD2PDH4QZBK5PHAM4
409072768,AlgorillaArmy#241,AGA241,ZLPBZKQ7QGON3DWLALHQQNKCZ464PMKZSRQGMHRBTKQBQK27LG325MGNV4
409046970,AlgorillaArmy#235,AGA235,KSUFXVWF2RYQNE2GJUPCSLTTJW7KCF7XETQ3B7V77QYQPYQTLW7GCJMTFU
384773346,AlgorillaArmy#204,AGA204,R3NASRXAF4MX56ULXZ476ZWYY7LDSL2YFPVSPEAM6FFYVM6V3U6QBAEJAQ
384764695,AlgorillaArmy#194,AGA194,FZJ4FJ525JHJQUA2X7YI2XJF26JJYOY23RDHGJSUGE6AVR6APCXQGXKGII
409120718,AlgorillaArmy#256,AGA256,YVGAIY7LRDLQ4NTIUZAZHVF7F7SAMX55ICQA46MK7AGNLE7BFPVZ6ARNFE
409100415,AlgorillaArmy#251,AGA251,GWNDITG26MGQ7VN6M274DTRAMFQEWH5NMCC6SXIVZHDAGY3JYCCHRLOWXU
409038042,AlgorillaArmy#234,AGA234,6RWB7C3RPMG556RC7PAHRDYP566COY4BRYUYQ5MOEBZGOQIHQ4HVIRPR4I
409088871,AlgorillaArmy#246,AGA246,EJPQHS5KE2VHZT4HDCMIQGAMD6HABRJJGLTUCNJCUYCI7JBZDSCYE3QV6Y
384767240,AlgorillaArmy#197,AGA197,NB74JTELAPWHOGGGPNK6VYYPFWVBPBC7BRLKC27RYB5PNGYAHONH6A5HSU
408992604,AlgorillaArmy#218,AGA218,RMF2UPAPH6AL6MZP4M7WASZQFCG74NPNVAH56IXPCNCK7AV6JGVMWANSZE
409106622,AlgorillaArmy#253,AGA253,FBNR7NOG24TSS7XRXLHR7J46VHIRRLCFZOKRPQQTWCWQQANPMTETT6674I
409025272,AlgorillaArmy#228,AGA228,MZRWGZ2LJMDV6LJDUDKNGLHSNQTCMBPOOYQ7J6NIRLBFGHZWBKSM4GHEHU
409027094,AlgorillaArmy#229,AGA229,TRUAPE2SBUIP6T62JBY7BS2R6P3IXLEQEZLEDQFA57I6S6MEZBDOK7I37Y
425832103,AlgorillaArmy#262,AGA262,LO7YDG5INVN2DMK2CAKLZ5QMQQBDPWXXNW3ZKN2IVPDQHRFZQ37WV3N2JI
409030979,AlgorillaArmy#231,AGA231,IG3XWSFEEA5463G5OCQNMJUXW6U6OK4RSLWUAR7BGJ3D7OS223NBQGBQOI
409097277,AlgorillaArmy#249,AGA249,2DRBZRTCXDH5YNE2DF6OPIPR4YGWYSORILZBZNUUS6NQSI6OLQOTXU735I
409075445,AlgorillaArmy#242,AGA242,EA2QYL7HZEJSY2S3C2B4SPWWDBQZY7OXX76Q2EEPQGKJO5ZWUAQVL27PL4
408979649,AlgorillaArmy#213,AGA213,UOAQZDLKE3ETBJNEUMSZKHITFLVNJKLXOBFDJOSFORDCFZ2GV6INIUIPKQ
408998603,AlgorillaArmy#221,AGA221,HRAUIJ6VTRALCYU4DXHQITZSMMBDHKEIBPSGV37TZ2RO3BLPFSI63FDI4I
425857127,AlgorillaArmy#270,AGA270,BYM2RXD3LD4HJ3UU5ALBOAC3U6CKX52J3CYMRVEWUAQGDCGWE5JR4WXE4A
425837459,AlgorillaArmy#265,AGA265,KGOY6SEJDURXJYKJEHYLOOSKSQXBGY5AH4F5FEXMRSNAJV7EUL6FBEML7M
425837211,AlgorillaArmy#263,AGA263,UVGHZVITT6IE5FBRSWTRTXTFLPJFATVJ74GIPHFABOYOIHMKT4BCIH4RRM
425873252,AlgorillaArmy#276,AGA276,B65TFJP7LLFQA7LUWFROGTLINUF3KUUFJ2QTD7FHGDEYIGICOWZIGGYW5E
425872244,AlgorillaArmy#274,AGA274,I52YXYK3PY4UXLCSEBAWSDY4DCDQZY6IV222KWOZTET6L77AKBRDIIBSPY
409012910,AlgorillaArmy#226,AGA226,FGTWN64BRH4VILY2VYZ5AVK7VGZCUW5V3BMDXVJZI4I6FCZHBSTROXL3V4
425837355,AlgorillaArmy#264,AGA264,KSIAJ2Y5WIMSLCCHVUKRMX6UU3ABM3YNCE77EVKJTQU2B4VH3YZ2GB7XZM
425875789,AlgorillArmy#279,AGA279,O6ITL3DHW6POOY6I75EABHLSJ6DJYJIAWO7JGM5RDMMHYZ2FVNIIN3SZXQ
409102084,AlgorillaArmy#252,AGA252,FCUD3AYN6ZIYXIOOD6P3PLDXBFIRZXYLX7V2IW3P4ZFYMSX5WVRBYU45II
409032966,AlgorillaArmy#232,AGA232,KCQHW3G3KJHHUMFYFZNTBR2QYQEJKN2PENVJWHQUBC3OWAIEFZ7ID7IGWI
425841914,AlgorillaArmy#267,AGA267,FCUD3AYN6ZIYXIOOD6P3PLDXBFIRZXYLX7V2IW3P4ZFYMSX5WVRBYU45II
409059395,AlgorillaArmy#236,AGA236,FZY6J6CLIVTPNICVJGYR4MXHVVYTC5UHTSULZGV5TAPEOHI5U2ETRXJ75A
425870207,AlgorillaArmy#271,AGA271,FM57GJO56QWGQM5PRLZX5WKWWS7FOM6OHY5JXZUUJQXZK7NU2UWLW5OOEU
409115360,AlgorillaArmy#254,AGA254,AOAZMP5WTCCHOPKZZICV5KEZ7IH6BRFIDI47ONQU42QNOTTAW4ACZVXDHA
425894481,AlgorillaArmy#284,AGA284,VJQ64Z64E7TPQU4ZM3Q6TJG6S2X3UKC3JZCFERYIP4NVWRMRTQTC55WAIM
425871714,AlgorillaArmy#273,AGA273,ZZ33E7FV5POGBZWMADNQSZT6I6PXRDTUAWEDGDYPFJDTZMOQZW7PJNVORE
425895150,AlgorillaArmy#285,AGA285,RYAMX6ZCK3PDTLYFQEXXBIH7CIOXEYPSNZIBVWEKDVAU7ROHSYY5FA2GTY
425896559,AlgorillaArmy#287,AGA287,4KJT7SBJJ4Y3WESK5DUBBW6JPZZ427MGA6EIGMR34I3GZZO2XLBV4Y772Q
425892309,AlgorillaArmy#281,AGA281,ZGJFOQGLUJUACWFTT3FKQ4YYXWBHSBC3W3NTKNVGREMBUXYQCZAVP55DN4
409061996,AlgorillaArmy#237,AGA237,P4RQXVOD7A2HBD6ELH4YTUYDSEDQJCRFC2BLXUXHD4LFIIDMGHHM54MR64
425874775,AlgorillaArmy#277,AGA277,PILLARHQYQ2MAPGZGSSRMFQUSV42PEWZ2XAXMHXATDUITGD74GAYFWO4UM
409095914,AlgorillaArmy#248,AGA248,GHEJLOIATZDRYCK7UPXEDOOSAPVOJMGMJRAOPBBK7OJVGWRRDLFLCD2RU4
425878148,AlgorillaArmy#280,AGA280,DPC3JH5CNUZWLQF4CQ7YLRQHKVIDW23BBNKLOWL7UKF6AXLGYPFFVQAL4E
425842047,AlgorillaArmy#268,AGA268,IG3XWSFEEA5463G5OCQNMJUXW6U6OK4RSLWUAR7BGJ3D7OS223NBQGBQOI
409118135,AlgorillaArmy#255,AGA255,MIYXQAGY2KB7MLOGJVJ6NOXNTGNVRJSDD6U62XJVQCPE5OCYUTNLJDEUGI
409085945,AlgorillaArmy#245,AGA245,74VRRJZCCB5Y5XOPDWZFVBEFM7DDITY3XRLI5IIVJE3CDRKICKFS2DBWOQ
425944619,AlgorillaArmy#291,AGA291,4KJT7SBJJ4Y3WESK5DUBBW6JPZZ427MGA6EIGMR34I3GZZO2XLBV4Y772Q
425893338,AlgorillaArmy#282,AGA282,EJPQHS5KE2VHZT4HDCMIQGAMD6HABRJJGLTUCNJCUYCI7JBZDSCYE3QV6Y
425851204,AlgorillaArmy#269,AGA269,RDBVA5E45XYECTHGSYSMUTAL4UAOVWTRM2SLPZZKLW4VWO2ZLGQGJ2PDKE
409098661,AlgorillaArmy#250,AGA250,5KEHO4XN6NFXTUEJOH26ZBLMHDK7YFGEBDIIHTFWF5KQLBLZLMBGZHJAXA
425818570,AlgorillaArmy#258,AGA258,YVGAIY7LRDLQ4NTIUZAZHVF7F7SAMX55ICQA46MK7AGNLE7BFPVZ6ARNFE
410694029,AlgorillaArmy#299,AGA299,RYAMX6ZCK3PDTLYFQEXXBIH7CIOXEYPSNZIBVWEKDVAU7ROHSYY5FA2GTY
425902114,AlgorillaArmy#286,AGA286,DPC3JH5CNUZWLQF4CQ7YLRQHKVIDW23BBNKLOWL7UKF6AXLGYPFFVQAL4E
426009797,AlgorillaArmy#306,AGA306,BXSAHPGA5FLUP5TJJRL24JZZTWXKAK3PRK45XSYPXZTRM3YNGFMJE2LOKA
409091928,AlgorillaArmy#247,AGA247,NB74JTELAPWHOGGGPNK6VYYPFWVBPBC7BRLKC27RYB5PNGYAHONH6A5HSU
425897476,AlgorillaArmy#288,AGA288,CRTMRBCASXKDFDOK354XHOWZMDJEBM2PTX4KHJ3I5YYPW3OM2JN7M5JYFE
425898471,AlgorillaArmy#290,AGA290,FCUD3AYN6ZIYXIOOD6P3PLDXBFIRZXYLX7V2IW3P4ZFYMSX5WVRBYU45II
425828604,AlgorillaArmy#261,AGA261,3FCPZBBW2VPFYCTRK3JL4F7EEOB5I4JXQGALG3ITGRD62UPHEX6ZCUEFK4
425820868,AlgorillaArmy#259,AGA259,WW4YMHVW3HXYUBPWYOPIPRWDFMEUTZCV7SYFFHPYQMQTKX3FLOQU2FEL2E
425823559,AlgorillaArmy#260,AGA260,OLVXHTGNUPIPKWVJBYROW5VRY4TUQUFHY4QEJBQZ7TR22DEED3IXEEG2F4
425971772,AlgorillaArmy#300,AGA300,KGOY6SEJDURXJYKJEHYLOOSKSQXBGY5AH4F5FEXMRSNAJV7EUL6FBEML7M
425870664,AlgorillaArmy#272,AGA272,XGT3FU3GIBPDHBL34FZCJUYIIXQDKRUT7VBXYCQAOGVMJDMG3ZWG7O6PIE
425841788,AlgorillaArmy#266,AGA266,7OGZ546LGCIBR7Z5YKEUOB7HUP7OCOVTTJES6DZUQBFTNHL4POZXDF5NIE
425815776,AlgorillaArmy#257,AGA257,7MDCMLBIDSNT5HCROZ7TCOMK3OEEXXVTXRMIIZTQGXSC2ZD7YMY5CUMNVU
425872945,AlgorillaArmy#275,AGA275,FZY6J6CLIVTPNICVJGYR4MXHVVYTC5UHTSULZGV5TAPEOHI5U2ETRXJ75A
449477065,AlgorillaArmy#320,AGA320,O6ITL3DHW6POOY6I75EABHLSJ6DJYJIAWO7JGM5RDMMHYZ2FVNIIN3SZXQ
449478988,AlgorillaArmy#321,AGA321,QI2SFEIH3H3CT2NSUMYKDWTKYTKDTM3AQ574V3UE2NYDW2PDSBT4WNGVAA
425960151,AlgorillaArmy#296,AGA296,DUABBP5HFDG6DGBGNQ5FDKWB6V265DDB4T2ZAGOMIWWCYZ3AJ3DWVQA5KA
449483459,AlgorillaArmy#323,AGA323,BKUSIL5CJ7LA5VRPVJPSCZ2K47YB3DKH7RQ26G5DJ5OAC6TUNTEZBORSC4
426002880,AlgorillaArmy#305,AGA305,6EPJBLDVKL2BZES52WOQHBT35RES2CGAEPKZSJSYKTHCRJ4TXZTSCTEX2E
449516974,AlgorillaArmy#336,AGA336,O6ITL3DHW6POOY6I75EABHLSJ6DJYJIAWO7JGM5RDMMHYZ2FVNIIN3SZXQ
425875471,AlgorillaArmy#278,AGA278,CLG5LPIRWK5SNVHJ5SEXRRJCGUTAG2DJG3X7BH3T3LVUMWG7SJMD4RP4SE
449493501,AlgorillaArmy#328,AGA328,4T75KIRJXEZN4SKU5KWMKBVOJME7T3MITOQQ5QH77TNTRGHCDZNKLJKZ7Y
425898115,AlgorillaArmy#289,AGA289,OLVXHTGNUPIPKWVJBYROW5VRY4TUQUFHY4QEJBQZ7TR22DEED3IXEEG2F4
425983082,AlgorillaArmy#303,AGA303,B65TFJP7LLFQA7LUWFROGTLINUF3KUUFJ2QTD7FHGDEYIGICOWZIGGYW5E
426016590,AlgorillaArmy#307,AGA307,RYAMX6ZCK3PDTLYFQEXXBIH7CIOXEYPSNZIBVWEKDVAU7ROHSYY5FA2GTY
449533385,AlgorillaArmy#342,AGA342,YVGAIY7LRDLQ4NTIUZAZHVF7F7SAMX55ICQA46MK7AGNLE7BFPVZ6ARNFE
425968134,AlgorillaArmy#298,AGA298,44KTIMWOOPTXTMV2HSW74AMLUGUQWYGHALOXHYZNRMPOEZXXAZWFYNGE3M
425893869,AlgorillaArmy#283,AGA283,OLVXHTGNUPIPKWVJBYROW5VRY4TUQUFHY4QEJBQZ7TR22DEED3IXEEG2F4
449521466,AlgorillaArmy#338,AGA338,KGOY6SEJDURXJYKJEHYLOOSKSQXBGY5AH4F5FEXMRSNAJV7EUL6FBEML7M
449470091,AlgorillaArmy#318,AGA318,GRLAB42LEXNU2FGUCGBS7667RCJUGGHS3DSJR75R22BFBS57WCLV27KDTU
425945305,AlgorillaArmy#293,AGA293,NB74JTELAPWHOGGGPNK6VYYPFWVBPBC7BRLKC27RYB5PNGYAHONH6A5HSU
449511200,AlgorillaArmy#334,AGA334,GRLAB42LEXNU2FGUCGBS7667RCJUGGHS3DSJR75R22BFBS57WCLV27KDTU
449559622,AlgorillaArmy#349,AGA349,RD6NWEE2YZLWIUUN32J3TMPDJCIQLWJVWP4HC65KHVPOYD5Y7XIQ4UFCIA
449519651,AlgorillaArmy#337,AGA337,GTQOLOWO53TI3CMNGP5WT36AN5GN52CVSQLCFWWL5PVBVZRELNQGVGLEFM
425948187,AlgorillaArmy#295,AGA295,Z725IRHDQGPXR3DB43JS7EXK4NVUSVM72QFERVYRDHSG352VX5RRCFL76I
449448493,AlgorillaArmy#310,AGA310,VPWCS7ZETGTBV2O5237RMTTFCWGZVPAYC777KGXNOP3OVRO7NGQ76P2FNE
449489487,AlgorillaArmy#326,AGA326,RXOJ3RJMYEVYD5GDWEYGZDM6BULN3HRVHF5CQN7FIX2CHQ5L2FISBCCX2I
449487790,AlgorillaArmy#325,AGA325,GRLAB42LEXNU2FGUCGBS7667RCJUGGHS3DSJR75R22BFBS57WCLV27KDTU
449473047,AlgorillaArmy#319,AGA319,GRLAB42LEXNU2FGUCGBS7667RCJUGGHS3DSJR75R22BFBS57WCLV27KDTU
449590039,AlgorillaArmy#358,AGA358,TBH7EHBYRN3VMNDJETFR3OK2JPX5T5UUV5BBPT4Z3CX7QUH6HDY4DCUJEA
449524103,AlgorillaArmy#339,AGA339,GRLAB42LEXNU2FGUCGBS7667RCJUGGHS3DSJR75R22BFBS57WCLV27KDTU
449452562,AlgorillaArmy#312,AGA312,FZY6J6CLIVTPNICVJGYR4MXHVVYTC5UHTSULZGV5TAPEOHI5U2ETRXJ75A
449458206,AlgorillaArmy#314,AGA314,FV6ULFQITUJF5NLUFWCPAW3X2IWKAKFN6L257WQUER2H3JHRXM2BKJYJHA
425945111,AlgorillaArmy#292,AGA292,IKOAM4WG3OQQB5VE3UQY52HT3QJ65GBJUN5EXQ37DW2TMU47ULH43TIVK4
449445820,AlgorillaArmy#309,AGA309,GMYRDBBKHOYDMEHDMQZORHPRIE4L2XJK2YO3FJ4FL7E5UB633ZEKVYJVJY
449454239,AlgorillaArmy#313,AGA313,RMF2UPAPH6AL6MZP4M7WASZQFCG74NPNVAH56IXPCNCK7AV6JGVMWANSZE
426025539,AlgorillaArmy#308,AGA308,Y4HIRYAENFEY6OE55WQYW27Z2LRQ5DZB4VOQBOISXHFPABZRUISVIQK6YE
425980490,AlgorillaArmy#302,AGA302,QQFGXZAMUHASD73XDJJGJLT35OPJYXGPYRRFN3TUCD66EC2AFWFB2FNAP4
449450717,AlgorillaArmy#311,AGA311,H7VUO2E3F74L3FR4DP4AO4OC3GDZ3CD7DY6Z56UMKJVTIE7HUNPFVZMJ2I
449491859,AlgorillaArmy#327,AGA327,VPWCS7ZETGTBV2O5237RMTTFCWGZVPAYC777KGXNOP3OVRO7NGQ76P2FNE
449467663,AlgorillaArmy#317,AGA317,NB74JTELAPWHOGGGPNK6VYYPFWVBPBC7BRLKC27RYB5PNGYAHONH6A5HSU
449460207,AlgorillaArmy#315,AGA315,B65TFJP7LLFQA7LUWFROGTLINUF3KUUFJ2QTD7FHGDEYIGICOWZIGGYW5E
449464847,AlgorillaArmy#316,AGA316,MIYXQAGY2KB7MLOGJVJ6NOXNTGNVRJSDD6U62XJVQCPE5OCYUTNLJDEUGI
437840166,AlgorillaArmy#405,AGA405,NB74JTELAPWHOGGGPNK6VYYPFWVBPBC7BRLKC27RYB5PNGYAHONH6A5HSU
425969752,AlgorillaArmy#301,AGA301,FZY6J6CLIVTPNICVJGYR4MXHVVYTC5UHTSULZGV5TAPEOHI5U2ETRXJ75A
449501620,AlgorillaArmy#330,AGA330,QLCZOO7LSRCOS4VIANJQGTBFII2SAVTCR4ZSARP4ZEPYXNPDRCQ3MXQ4AE
449578238,AlgorillaArmy#355,AGA355,FZJ4FJ525JHJQUA2X7YI2XJF26JJYOY23RDHGJSUGE6AVR6APCXQGXKGII
449541448,AlgorillaArmy#344,AGA344,TAQPPYD4XTWDLVHZBE5YPPWS7TGU6QIRWPL7N7FHENJVIKXZNLMDJ7KSR4
449529365,AlgorillaArmy#341,AGA341,QQFGXZAMUHASD73XDJJGJLT35OPJYXGPYRRFN3TUCD66EC2AFWFB2FNAP4
449498358,AlgorillaArmy#329,AGA329,KEWW7F6MREGFLVHNQB7LW7FV6LBOMBKLE6ISUNVHETDU34FV7RSAKKUYYM
449480470,AlgorillaArmy#322,AGA322,XGT3FU3GIBPDHBL34FZCJUYIIXQDKRUT7VBXYCQAOGVMJDMG3ZWG7O6PIE
449508915,AlgorillaArmy#333,AGA333,RYAMX6ZCK3PDTLYFQEXXBIH7CIOXEYPSNZIBVWEKDVAU7ROHSYY5FA2GTY
449569769,AlgorillaArmy#352,AGA352,QQFGXZAMUHASD73XDJJGJLT35OPJYXGPYRRFN3TUCD66EC2AFWFB2FNAP4
449526369,AlgorillaArmy#340,AGA340,7MDCMLBIDSNT5HCROZ7TCOMK3OEEXXVTXRMIIZTQGXSC2ZD7YMY5CUMNVU
449505134,AlgorillaArmy#331,AGA331,FV6ULFQITUJF5NLUFWCPAW3X2IWKAKFN6L257WQUER2H3JHRXM2BKJYJHA
449538018,AlgorillaArmy#343,AGA343,HR5XIJMJCLMQMEZSRZ7JSUVLDRSXEMSLXNYVFYD2VXG6Y6PJ4L44QAELMI
449506675,AlgorillaArmy#332,AGA332,UOAQZDLKE3ETBJNEUMSZKHITFLVNJKLXOBFDJOSFORDCFZ2GV6INIUIPKQ
449551367,AlgorillaArmy#346,AGA346,KG6PYBGFUKRC5IXN74O4HD57ZFJGXUJA6Y6W7YZ3ZR25GNUU4RLFGPXVCE
464249748,AlgorillaArmy#360,AGA360,4NDRVSLUITX5VXB6SAN76N5WD2FPHS7JUFLTKS2ZB2KU2R62TONGSEVBDU
449572885,AlgorillaArmy#353,AGA353,3YQTRV25R7YDIZWABGCC7FZT4HPTKS5QVXH5QNHGSHA3B62VUBZVF4O6EE
449575149,AlgorillaArmy#354,AGA354,RMF2UPAPH6AL6MZP4M7WASZQFCG74NPNVAH56IXPCNCK7AV6JGVMWANSZE
449486069,AlgorillaArmy#324,AGA324,D4W7HMIYKQJRTZG6KIEP5AJP3V4RJ36WPFZOBCWBE4SJCQWYISMSETRNIQ
449554565,AlgorillaArmy#347,AGA347,P4RQXVOD7A2HBD6ELH4YTUYDSEDQJCRFC2BLXUXHD4LFIIDMGHHM54MR64
449557369,AlgorillaArmy#348,AGA348,FGTWN64BRH4VILY2VYZ5AVK7VGZCUW5V3BMDXVJZI4I6FCZHBSTROXL3V4
449586959,AlgorillaArmy#357,AGA357,UOAQZDLKE3ETBJNEUMSZKHITFLVNJKLXOBFDJOSFORDCFZ2GV6INIUIPKQ
449581782,AlgorillaArmy#356,AGA356,RMF2UPAPH6AL6MZP4M7WASZQFCG74NPNVAH56IXPCNCK7AV6JGVMWANSZE
449591576,AlgorillaArmy#359,AGA359,3FCPZBBW2VPFYCTRK3JL4F7EEOB5I4JXQGALG3ITGRD62UPHEX6ZCUEFK4
451073768,AlgorillaArmy#335,AGA335,NB74JTELAPWHOGGGPNK6VYYPFWVBPBC7BRLKC27RYB5PNGYAHONH6A5HSU
539414964,AlgorillaArmy#363,AGA363,XGT3FU3GIBPDHBL34FZCJUYIIXQDKRUT7VBXYCQAOGVMJDMG3ZWG7O6PIE
539422255,AlgorillaArmy#365,AGA365,GTYPAQWMPPNAATXVZHQOROVGGZKUESGCZCDMTOXHRPGXK7Z4ZJWXRJTIP4
544997707,AlgorillaArmy#370,AGA370,YVGAIY7LRDLQ4NTIUZAZHVF7F7SAMX55ICQA46MK7AGNLE7BFPVZ6ARNFE
544998143,AlgorillaArmy#373,AGA373,WNHR5ASC3MLL5HXCJGKMCDZ2GY44UONQNUX7W73V4JX5UBMFCM7Y6ODVEM
539426329,AlgorillaArmy#366,AGA366,FCUD3AYN6ZIYXIOOD6P3PLDXBFIRZXYLX7V2IW3P4ZFYMSX5WVRBYU45II
544998771,AlgorillaArmy#376,AGA376,YAZ6ZCQNU6VP2MJLQPKHPISJYDEYQQMOTTZ3FETXI5PEOILU3RKRDY2N6U
544999736,AlgorillaArmy#382,AGA382,MG6LCZLFDXY35LLRZWRPE67J4QJZ4VLO3CVJY5AZ5BJ5U5SYHIZOW64FUI
545000685,AlgorillaArmy#391,AGA391,FR4XSE4W5HPTYTUE7KKPAFAJ4C27NIPE5FCJOMYX7MHWWM3DJ45NBLXP5I
544998362,AlgorillaArmy#374,AGA374,5GRXDRQRNFM3XDWDF36ZEIHO6UUYUFY367G6EMUNWUZMZQOB2WWT3FWGHY
544999840,AlgorillaArmy#383,AGA383,JABNEDYUGXRDZZSBLC3BYFE2YWE7PERAA5LZ27ZPGRRIP6M2RSNFKDP3BI
539411387,AlgorillaArmy#362,AGA362,MRRYS72IFGW2EFOHZ3CQQQCCDEQI4OT3WLEQJCPK5J4QYYDGGNAUH7TAKE
544999222,AlgorillaArmy#378,AGA378,DXSUW6OYFBU4GVM2H7HQGN64VJHRALO2LB7JL63M45O7G7L32BLM3QUQHI
545002198,AlgorillaArmy#401,AGA401,QNM4AI2LAA3W2J2OLTC4FI7ZS6Q436BHWG2HY7D2UJS2MAPC4CIJBGDMOM
539435832,AlgorillaArmy#367,AGA367,P4RQXVOD7A2HBD6ELH4YTUYDSEDQJCRFC2BLXUXHD4LFIIDMGHHM54MR64
545002033,AlgorillaArmy#400,AGA400,GZUS3ROE6T7QJA4LQTKKS7TGUFON3IZIGI7XLBJPZQDZSZTIYB2A2FDXQM
539439453,AlgorillaArmy#368,AGA368,RMF2UPAPH6AL6MZP4M7WASZQFCG74NPNVAH56IXPCNCK7AV6JGVMWANSZE
544998961,AlgorillaArmy#377,AGA377,PXMUJV366CPWAJNREPXD4SDFIF4NBRHI5XDYYJPL5W745XLGCJBI63NGDY
539444068,AlgorillaArmy#369,AGA369,E27IYRPJNZZZMRZWEYOMMEM5725GZHC5JKGTZZQOD3EZQUTCTT75XE7VNU
545027244,AlgorillaArmy#411,AGA411,4U53B5OXRV7UVDGTSROFM2OFLKEVO4TDEFZHSBHTHX75IALPT5FRSLCORI
545000451,AlgorillaArmy#389,AGA389,FV6ULFQITUJF5NLUFWCPAW3X2IWKAKFN6L257WQUER2H3JHRXM2BKJYJHA
545026313,AlgorillaArmy#407,AGA407,GZUS3ROE6T7QJA4LQTKKS7TGUFON3IZIGI7XLBJPZQDZSZTIYB2A2FDXQM
545027701,AlgorillaArmy#413,AGA413,EA7WT2QKB57DZHPAXD7AO4HVTHGOEKBIGHPZV647EUSRNLTEH2GS3AGG3I
544997943,AlgorillaArmy#372,AGA372,KSEPV4R62GIUHJD6342M7NHOS5UPIKWMQYUWMCZG2XVYKW76WU365D66OQ
545027964,AlgorillaArmy#414,AGA414,PCF7FRD3FA3PWEOJBFZQ4KB4CIZEMT7IIFA2RK2K6OGTYSHGQ7ZSIYYT4E
545000598,AlgorillaArmy#390,AGA390,TOTKGFU2VJF2LQNRHY4MVILEMGNCETW22J5CDRVF3MBRYGDEB7B6JRPA4U
544999631,AlgorillaArmy#381,AGA381,7WBECED7N3WPBAAVW3J22MJU2BOW7JQOLLFH4EYG35D2KCEO3BWMQSWWPI
545028176,AlgorillaArmy#415,AGA415,QNM4AI2LAA3W2J2OLTC4FI7ZS6Q436BHWG2HY7D2UJS2MAPC4CIJBGDMOM
545027515,AlgorillaArmy#412,AGA412,4WTQLJJZOA3VB7NJFGS2IPF7D7VBOYQMR5S6NFBY24XLKF3P234BKCIBLY
545000366,AlgorillaArmy#388,AGA388,FP7DXJCM5R2MGBZAGFUE2UC6PSOYEPE7CEQKIALIAEA3OGCVUGCQNL3H4A
544999400,AlgorillaArmy#379,AGA379,ZDSDTAONTOEJTCQK27NITL6EXXRKWYQBJN5UZ736AR4N7JYXZ4LMKDJVLA
545030386,AlgorillaArmy#423,AGA423,WB5P2IMELAHNMBHJGRD64ORGGCPXRCDXS43ESE34MVNCFMPGCIV7RXKKK4
545030961,AlgorillaArmy#425,AGA425,AGKXVS2OTO3KSCHBMABXMYIGEHC2ON5S3IW6WQ5WYKSBH6VG4QLMVFXLHA
545029463,AlgorillaArmy#420,AGA420,BKUSIL5CJ7LA5VRPVJPSCZ2K47YB3DKH7RQ26G5DJ5OAC6TUNTEZBORSC4
544997793,AlgorillaArmy#371,AGA371,KG6PYBGFUKRC5IXN74O4HD57ZFJGXUJA6Y6W7YZ3ZR25GNUU4RLFGPXVCE
545031246,AlgorillaArmy#426,AGA426,I52YXYK3PY4UXLCSEBAWSDY4DCDQZY6IV222KWOZTET6L77AKBRDIIBSPY
544999943,AlgorillaArmy#384,AGA384,JGYJLWWEW72B666VUYHJZBXIKBGFS5UDZKNTZYIIJONEVSYE32E7I5RYJY
544998564,AlgorillaArmy#375,AGA375,FZY6J6CLIVTPNICVJGYR4MXHVVYTC5UHTSULZGV5TAPEOHI5U2ETRXJ75A
545001061,AlgorillaArmy#394,AGA394,JNGVB2CC77ONQVG76TRGWH2SPDC4EEH4NHPA7DN3KAQDPCMZYL3HVZTAWY
545029232,AlgorillaArmy#419,AGA419,V2X6LDINBWNDRWOSUVZ4IFSQ2LZOT7G46AFD4TJM4WPFHV35X4YAMP3IK4
544999527,AlgorillaArmy#380,AGA380,NTUPBLALHK5MBAU6EHOM3B6XZID56RIVYLKJS5T6R5P45STPHEINQ7EPWE
545033589,AlgorillaArmy#433,AGA433,YWBU2G3B5YJVGER2SY4NWMXBDWGMMFWCKNHP5JGJ2HO36KNKT5KIC5BSBQ
545001872,AlgorillaArmy#399,AGA399,PYIW3OBUK4D7LHBBWYFRCN77DG6WSWCFVM37GTRRFPVBAKO355TYEASA7E
545001502,AlgorillaArmy#397,AGA397,PAGMUL7WYTWANAREYZ425U3GAOOEQMKYEKKTINWSS52O2J6QIGDINQI5PM
539408373,AlgorillaArmy#361,AGA361,7GQEIW3OBCZCLDVRT2GGG3UVCRVF5QBFLCWU6RUSYZH757NYRMXV2GZIRM
545000830,AlgorillaArmy#392,AGA392,FZJ4FJ525JHJQUA2X7YI2XJF26JJYOY23RDHGJSUGE6AVR6APCXQGXKGII
545001365,AlgorillaArmy#396,AGA396,MG6LCZLFDXY35LLRZWRPE67J4QJZ4VLO3CVJY5AZ5BJ5U5SYHIZOW64FUI
545035780,AlgorillaArmy#441,AGA441,ILCAM2MSVDZHW7IAOJ6T66LOP27SQJRJYM74HISNFFGM3QQKCNCHJL3HD4
545029812,AlgorillaArmy#421,AGA421,TRUAPE2SBUIP6T62JBY7BS2R6P3IXLEQEZLEDQFA57I6S6MEZBDOK7I37Y
545036307,AlgorillaArmy#443,AGA443,KWKZ3LBY5GBR6ZL2QG5NEYS7TKNUPEUCRJXGY6PFPTVQBQWJY3WHR6NXIY
545036625,AlgorillaArmy#444,AGA444,QBDJDIMUB3TIOFODIBNXR6VJ2OO3X7FBTNPS2BLTB6HST65M67JVMQJYEE
545027022,AlgorillaArmy#410,AGA410,KSEPV4R62GIUHJD6342M7NHOS5UPIKWMQYUWMCZG2XVYKW76WU365D66OQ
545037356,AlgorillaArmy#447,AGA447,PLGNHYQWMTWPXUEKGBNGRLUEPQYHFJXQY2X7SXKEHF3O7EJULU7ZVE342Y
545000132,AlgorillaArmy#386,AGA386,H7VUO2E3F74L3FR4DP4AO4OC3GDZ3CD7DY6Z56UMKJVTIE7HUNPFVZMJ2I
545037564,AlgorillaArmy#448,AGA448,GS5RSW2ST6GBAB5EI5G7W6XDEJ7YIE4VD7B2ZELYCNEUU72MUB34WCK3YA
545037828,AlgorillaArmy#449,AGA449,O6ITL3DHW6POOY6I75EABHLSJ6DJYJIAWO7JGM5RDMMHYZ2FVNIIN3SZXQ
545000034,AlgorillaArmy#385,AGA385,KEWW7F6MREGFLVHNQB7LW7FV6LBOMBKLE6ISUNVHETDU34FV7RSAKKUYYM
545038294,AlgorillaArmy#451,AGA451,O6ITL3DHW6POOY6I75EABHLSJ6DJYJIAWO7JGM5RDMMHYZ2FVNIIN3SZXQ
545000960,AlgorillaArmy#393,AGA393,KCQHW3G3KJHHUMFYFZNTBR2QYQEJKN2PENVJWHQUBC3OWAIEFZ7ID7IGWI
545002463,AlgorillaArmy#403,AGA403,YAHDPGX4VAPKZJEX7HDUMZNFBKCUZ4YDCWLSPGLD7GPP63P7O7WW5A6AMQ
545039243,AlgorillaArmy#454,AGA454,7MDCMLBIDSNT5HCROZ7TCOMK3OEEXXVTXRMIIZTQGXSC2ZD7YMY5CUMNVU
545039562,AlgorillaArmy#455,AGA455,JNGVB2CC77ONQVG76TRGWH2SPDC4EEH4NHPA7DN3KAQDPCMZYL3HVZTAWY
545028430,AlgorillaArmy#416,AGA416,HR5XIJMJCLMQMEZSRZ7JSUVLDRSXEMSLXNYVFYD2VXG6Y6PJ4L44QAELMI
545032274,AlgorillaArmy#428,AGA428,BWBJ53OAF4RIJRH732IYDKFM6POSKPQNFPBSXRA7FEWSALN4NJAJMUBD6M
545026559,AlgorillaArmy#408,AGA408,3TR3CT7H4BVSS6QSV35JLGTRLN5LNCFEL5YCUNZUIX5RARIY24MM6AQIH4
545040017,AlgorillaArmy#457,AGA457,ZKT77BRURE6BO27V6ERF2T3FU4KVQN2F2OOF5LZUKDU3XLCUHW2QY7H2EA
545001189,AlgorillaArmy#395,AGA395,HLPL7VVFXB75VPAEKFBJWHRHARIBEOAFM6VXHVSIRLYRQL42FE2YI7STTU
545002356,AlgorillaArmy#402,AGA402,V27JTWUVFP7D625AKFH3LQXZCPVHN2FK3OUXBQ6KYAY2KCZ7LOZOSBQY6U
545002569,AlgorillaArmy#404,AGA404,NDOSVXFCZQ7VVELN4RZEJFCUNZA7WKPVRROEUDPZXTBASV3TJRD6AABG5I
545000271,AlgorillaArmy#387,AGA387,ELQW5RR3OT4YR6GPG63ERWH53ARSYOHWE7YDXV4DOPX3MHLE4BRK2OGYGA
545028643,AlgorillaArmy#417,AGA417,MIYXQAGY2KB7MLOGJVJ6NOXNTGNVRJSDD6U62XJVQCPE5OCYUTNLJDEUGI
545041840,AlgorillaArmy#464,AGA464,PALGA7BCRT5OWSGVKHDYY2HP335EB3LL6I7PBUHN2AIS24YF5QN7UQBWBM
545031623,AlgorillaArmy#427,AGA427,PO4CEJB6IV2P5UACZ3P77KJCITMX2ZIT6RMW4WTX6JQGJYNJS6T5E4V27Q
545034256,AlgorillaArmy#435,AGA435,XGT3FU3GIBPDHBL34FZCJUYIIXQDKRUT7VBXYCQAOGVMJDMG3ZWG7O6PIE
545041560,AlgorillaArmy#463,AGA463,4WTQLJJZOA3VB7NJFGS2IPF7D7VBOYQMR5S6NFBY24XLKF3P234BKCIBLY
545040279,AlgorillaArmy#458,AGA458,CABFNAXBSY5J2OVAYVPKN76BS5AVM56JLM5QSSHRANEZJYPYPKNNUGFWJ4
545001652,AlgorillaArmy#398,AGA398,BWBJ53OAF4RIJRH732IYDKFM6POSKPQNFPBSXRA7FEWSALN4NJAJMUBD6M
545043458,AlgorillaArmy#470,AGA470,RBD3FFLWXWNQBCW653GX45IBCAYCRFL537IQ3VILSA5KZCPFOCKX5CKNSY
545032477,AlgorillaArmy#429,AGA429,V27JTWUVFP7D625AKFH3LQXZCPVHN2FK3OUXBQ6KYAY2KCZ7LOZOSBQY6U
545043798,AlgorillaArmy#471,AGA471,WB5P2IMELAHNMBHJGRD64ORGGCPXRCDXS43ESE34MVNCFMPGCIV7RXKKK4
545028892,AlgorillaArmy#418,AGA418,33X3BD7QR4S7B57EWU2L7ISUWOR2JHQQ3ZHWGNYOCWDQKYGRZR4C2PQIHY
545034524,AlgorillaArmy#436,AGA436,NB74JTELAPWHOGGGPNK6VYYPFWVBPBC7BRLKC27RYB5PNGYAHONH6A5HSU
545036058,AlgorillaArmy#442,AGA442,YUGD6VJVRSWOUDBRLCSJGDXW6PFL74Q5GJNQDARNYG4WMD52OU4X6RNZFY
545037098,AlgorillaArmy#446,AGA446,PAGMUL7WYTWANAREYZ425U3GAOOEQMKYEKKTINWSS52O2J6QIGDINQI5PM
545036860,AlgorillaArmy#445,AGA445,FV6ULFQITUJF5NLUFWCPAW3X2IWKAKFN6L257WQUER2H3JHRXM2BKJYJHA
545026771,AlgorillaArmy#409,AGA409,DGDSUW4DNQH3O3CUAU46RVJOTUC3EY4CAAFUFQMHNOD5YNUTCEYKGVWGQY
545045719,AlgorillaArmy#477,AGA477,BXSAHPGA5FLUP5TJJRL24JZZTWXKAK3PRK45XSYPXZTRM3YNGFMJE2LOKA
545046172,AlgorillaArmy#479,AGA479,A6LF4XAG6PHZA47DFCPKOSSKM4NKDBBMHXO6LQBMY4XQUOOZIICRL6NLHY
545034706,AlgorillaArmy#437,AGA437,NB74JTELAPWHOGGGPNK6VYYPFWVBPBC7BRLKC27RYB5PNGYAHONH6A5HSU
545033914,AlgorillaArmy#434,AGA434,XGT3FU3GIBPDHBL34FZCJUYIIXQDKRUT7VBXYCQAOGVMJDMG3ZWG7O6PIE
545033200,AlgorillaArmy#432,AGA432,YAHDPGX4VAPKZJEX7HDUMZNFBKCUZ4YDCWLSPGLD7GPP63P7O7WW5A6AMQ
545030147,AlgorillaArmy#422,AGA422,YAHDPGX4VAPKZJEX7HDUMZNFBKCUZ4YDCWLSPGLD7GPP63P7O7WW5A6AMQ
545046994,AlgorillaArmy#482,AGA482,ILCAM2MSVDZHW7IAOJ6T66LOP27SQJRJYM74HISNFFGM3QQKCNCHJL3HD4
545032720,AlgorillaArmy#430,AGA430,OLVXHTGNUPIPKWVJBYROW5VRY4TUQUFHY4QEJBQZ7TR22DEED3IXEEG2F4
545032947,AlgorillaArmy#431,AGA431,EQFVG4S4GWU3VOADVENCRDHKR2U3VX5VTE2KPOKLQHDJSQMVTMDCUGI26A
545047731,AlgorillaArmy#484,AGA484,DEF64VZFNP5EDMY5GRGVXFAV742RY4TYTG5UT2FATJVGYOXDSLPDBQNJXQ
545035564,AlgorillaArmy#440,AGA440,5RMU77CDZMYB6CGEAZK5K3VBYCPUSNEFP2WZSS3JA5EXQE5GR3JDN3LUCE
545048148,AlgorillaArmy#485,AGA485,YVGAIY7LRDLQ4NTIUZAZHVF7F7SAMX55ICQA46MK7AGNLE7BFPVZ6ARNFE
545046505,AlgorillaArmy#480,AGA480,ZXJK4ST5RWH56NHB54DHU647BZMUHLU7MWE4QGV2UBER4MIBQ3EHCMG5RM
545035329,AlgorillaArmy#439,AGA439,7GQEIW3OBCZCLDVRT2GGG3UVCRVF5QBFLCWU6RUSYZH757NYRMXV2GZIRM
545034996,AlgorillaArmy#438,AGA438,GNVEUWPCAE77VAMAFDAB3CNKHE2HXW2DPE244TBJEB7IDHJGZWIHN5CTWU
545030601,AlgorillaArmy#424,AGA424,5JDXW6NQFTZP3ATREAFG5Z5KC6P7BEYONDNDRSN4LM467N3QD4T2N6LQ2Q
545049287,AlgorillaArmy#489,AGA489,R7HCUCNED4ZPBCHWIMNQVL7JMKPWVW7DVONV77DMAKLG6UTKY7LPUXPENE
545049546,AlgorillaArmy#490,AGA490,VILLO6QAC436BUGIQTXZE7OUBUXYLXXREEL4QKAI4NF5H5PDBM6RVGJLU4
545042184,AlgorillaArmy#465,AGA465,JHSHW4K3WQR2Z3VXS7JDQHCCAK4BPVIUDRP3X27MUHSYUAYZU3H6CGG5KI
545038647,AlgorillaArmy#452,AGA452,BXSAHPGA5FLUP5TJJRL24JZZTWXKAK3PRK45XSYPXZTRM3YNGFMJE2LOKA
545045951,AlgorillaArmy#478,AGA478,PAGMUL7WYTWANAREYZ425U3GAOOEQMKYEKKTINWSS52O2J6QIGDINQI5PM
545051205,AlgorillaArmy#496,AGA496,ILCAM2MSVDZHW7IAOJ6T66LOP27SQJRJYM74HISNFFGM3QQKCNCHJL3HD4
545048588,AlgorillaArmy#486,AGA486,V2X6LDINBWNDRWOSUVZ4IFSQ2LZOT7G46AFD4TJM4WPFHV35X4YAMP3IK4
545051890,AlgorillaArmy#499,AGA499,A6LF4XAG6PHZA47DFCPKOSSKM4NKDBBMHXO6LQBMY4XQUOOZIICRL6NLHY
545039808,AlgorillaArmy#456,AGA456,EQFVG4S4GWU3VOADVENCRDHKR2U3VX5VTE2KPOKLQHDJSQMVTMDCUGI26A
545052095,AlgorillaArmy#500,AGA500,F6FCLLRIVCPRWQNENVEUWDMIN7L7FORUYT6W2ZH73L5JBTYRO4NOBTCL4Y
545069210,AlgorillaArmy#502,AGA502,7ZQVLVPVJV2X47VL3GU5THG4FOIHSZ4VFWESBW3LBANG7HMBXN74UPE7WM
545043224,AlgorillaArmy#469,AGA469,RYAMX6ZCK3PDTLYFQEXXBIH7CIOXEYPSNZIBVWEKDVAU7ROHSYY5FA2GTY
545038872,AlgorillaArmy#453,AGA453,ZKT77BRURE6BO27V6ERF2T3FU4KVQN2F2OOF5LZUKDU3XLCUHW2QY7H2EA
545040990,AlgorillaArmy#461,AGA461,5JDXW6NQFTZP3ATREAFG5Z5KC6P7BEYONDNDRSN4LM467N3QD4T2N6LQ2Q
545040771,AlgorillaArmy#460,AGA460,CUB6FFX6LPYCIN7J3JMBO7F4FJXD3TNG2RKUSBL5FOFQDYPQLUWO3TKRXY
545044161,AlgorillaArmy#472,AGA472,YAHDPGX4VAPKZJEX7HDUMZNFBKCUZ4YDCWLSPGLD7GPP63P7O7WW5A6AMQ
545041266,AlgorillaArmy#462,AGA462,NTUPBLALHK5MBAU6EHOM3B6XZID56RIVYLKJS5T6R5P45STPHEINQ7EPWE
545069883,AlgorillaArmy#507,AGA507,U6EUIENPZ7HWKMXWYADONUBPYHHBIBLBJW2SUPCVLQS3VIH3AKG2TERNAQ
545038038,AlgorillaArmy#450,AGA450,DGDSUW4DNQH3O3CUAU46RVJOTUC3EY4CAAFUFQMHNOD5YNUTCEYKGVWGQY
545070134,AlgorillaArmy#509,AGA509,YUGD6VJVRSWOUDBRLCSJGDXW6PFL74Q5GJNQDARNYG4WMD52OU4X6RNZFY
545045406,AlgorillaArmy#476,AGA476,ONMPMXLQRTYAOTQOZUQ4GT7OLJ5O3TBE7IRNRP7KCYLSSIQVRGQB7V3G2M
545042487,AlgorillaArmy#466,AGA466,MULILZCPNVCE3DZHTIWY4B2SDY2H3U2QN6KWZFFSS6JSFU6FWZFSXO3BBM
545070678,AlgorillaArmy#514,AGA514,YUGD6VJVRSWOUDBRLCSJGDXW6PFL74Q5GJNQDARNYG4WMD52OU4X6RNZFY
545044764,AlgorillaArmy#474,AGA474,PAGMUL7WYTWANAREYZ425U3GAOOEQMKYEKKTINWSS52O2J6QIGDINQI5PM
545071178,AlgorillaArmy#518,AGA518,KEWW7F6MREGFLVHNQB7LW7FV6LBOMBKLE6ISUNVHETDU34FV7RSAKKUYYM
545071479,AlgorillaArmy#520,AGA520,A6VDSMUMPXVPKT7ZXQ7XRCHHFMS5DZZB27BLLOULCHLPK3HEI6GCIAB4PM
545045060,AlgorillaArmy#475,AGA475,O67RMLLQI3ZOR54HICGHMSEWCESSXU2MO25GR45IJVNJP3DJF4LF5IV2FY
545042944,AlgorillaArmy#468,AGA468,D5EXFTMKALVECBLFIQ5DVFWZF5JMCYVBFDNH55GHPT3VTIADOAUXVPYI3A
545072000,AlgorillaArmy#524,AGA524,YUGD6VJVRSWOUDBRLCSJGDXW6PFL74Q5GJNQDARNYG4WMD52OU4X6RNZFY
545072255,AlgorillaArmy#526,AGA526,U6EUIENPZ7HWKMXWYADONUBPYHHBIBLBJW2SUPCVLQS3VIH3AKG2TERNAQ
545046761,AlgorillaArmy#481,AGA481,P4RQXVOD7A2HBD6ELH4YTUYDSEDQJCRFC2BLXUXHD4LFIIDMGHHM54MR64
545042726,AlgorillaArmy#467,AGA467,FZJ4FJ525JHJQUA2X7YI2XJF26JJYOY23RDHGJSUGE6AVR6APCXQGXKGII
545072498,AlgorillaArmy#528,AGA528,LHSISWWX3ZYUIFLBUMOSK2WX2W4IJCMOEVRC7VAXOP6NET4A47CWVEPPOI
545070920,AlgorillaArmy#516,AGA516,HYUCV7XFNX743JCZRPPGUCEKD5VTLUD2FDG7OSSP5FGRBWPQXDQ37EEXUQ
545049062,AlgorillaArmy#488,AGA488,TTI3LNCRUT3LG6CUUGVLYRRDTH65ZSOBMMY672QL2XW3U5HGZKEDGWYSF4
545051667,AlgorillaArmy#498,AGA498,MIYXQAGY2KB7MLOGJVJ6NOXNTGNVRJSDD6U62XJVQCPE5OCYUTNLJDEUGI
545073302,AlgorillaArmy#533,AGA533,A6VAZTTD7NYLECAARZBDK2BTVH7BBFAMKHZYYFW7Q35A4QGSVHEQYSRZAA
545069493,AlgorillaArmy#504,AGA504,NTUPBLALHK5MBAU6EHOM3B6XZID56RIVYLKJS5T6R5P45STPHEINQ7EPWE
545071599,AlgorillaArmy#521,AGA521,SSBBA5FCPMNGSWP4Z4LPGEK2BOYATXFB4UVVRXYH3VR6RKZAX6FHHPQ4ZU
545040579,AlgorillaArmy#459,AGA459,GTYPAQWMPPNAATXVZHQOROVGGZKUESGCZCDMTOXHRPGXK7Z4ZJWXRJTIP4
545050454,AlgorillaArmy#493,AGA493,BWBJ53OAF4RIJRH732IYDKFM6POSKPQNFPBSXRA7FEWSALN4NJAJMUBD6M
545047405,AlgorillaArmy#483,AGA483,KEWW7F6MREGFLVHNQB7LW7FV6LBOMBKLE6ISUNVHETDU34FV7RSAKKUYYM
545048820,AlgorillaArmy#487,AGA487,72RZHIPCPXLM4K47OVJWFV6EBBFE7VAMU4E5RHQFDB63T6KVGZCXPN7VKM
545073461,AlgorillaArmy#534,AGA534,HACXFMVILU2RANWTWHSWTR52HCY7IEIRGPFKYSDGPWXTGYPKZRMBC72RNM
545072643,AlgorillaArmy#529,AGA529,YEXPMKRK6UBGY4BQ7LQGEOPQX7NXSE3HCMU5RSYK5BD2ZXZ4SA4ILT6SOE
545050969,AlgorillaArmy#495,AGA495,XAFRHDEBAFZNPQO2F4L4BV4YZMY4OG7KGML36URVX47NJNPBKMTM2YNCII
545074036,AlgorillaArmy#540,AGA540,UYDBROYCLQK6Q6WE3COWV4O4H5QQ2NCJCB5Y3USDK6FZFAQDMGFJPZCLTE
545051425,AlgorillaArmy#497,AGA497,DNGNQHQVABSSIQCTWLVWRJZXF6XPFZ2N5CGCEL3GOXRLO7DOWYTTID3BWU
545044500,AlgorillaArmy#473,AGA473,7MDCMLBIDSNT5HCROZ7TCOMK3OEEXXVTXRMIIZTQGXSC2ZD7YMY5CUMNVU
545049867,AlgorillaArmy#491,AGA491,MNBINHIARDHN2PYTTAMGRMZK2XADZV35ZSHRBIJ7AY7TVJZB2IBGZCOVYQ
545072934,AlgorillaArmy#531,AGA531,O6ITL3DHW6POOY6I75EABHLSJ6DJYJIAWO7JGM5RDMMHYZ2FVNIIN3SZXQ
545050216,AlgorillaArmy#492,AGA492,NTUPBLALHK5MBAU6EHOM3B6XZID56RIVYLKJS5T6R5P45STPHEINQ7EPWE
545072792,AlgorillaArmy#530,AGA530,GZUS3ROE6T7QJA4LQTKKS7TGUFON3IZIGI7XLBJPZQDZSZTIYB2A2FDXQM
545074144,AlgorillaArmy#541,AGA541,GZUS3ROE6T7QJA4LQTKKS7TGUFON3IZIGI7XLBJPZQDZSZTIYB2A2FDXQM
545069752,AlgorillaArmy#506,AGA506,YAHDPGX4VAPKZJEX7HDUMZNFBKCUZ4YDCWLSPGLD7GPP63P7O7WW5A6AMQ
545075020,AlgorillaArmy#550,AGA550,VILLO6QAC436BUGIQTXZE7OUBUXYLXXREEL4QKAI4NF5H5PDBM6RVGJLU4
545075221,AlgorillaArmy#551,AGA551,5KEHO4XN6NFXTUEJOH26ZBLMHDK7YFGEBDIIHTFWF5KQLBLZLMBGZHJAXA
545070221,AlgorillaArmy#510,AGA510,V27JTWUVFP7D625AKFH3LQXZCPVHN2FK3OUXBQ6KYAY2KCZ7LOZOSBQY6U
545074267,AlgorillaArmy#542,AGA542,3Y3UKKOPG2HBLHXYCP3IATDGEHMGHY7YHSATC7JOHJ4C3NNSDEP5IXEVHE
545073559,AlgorillaArmy#535,AGA535,GZUS3ROE6T7QJA4LQTKKS7TGUFON3IZIGI7XLBJPZQDZSZTIYB2A2FDXQM
545050734,AlgorillaArmy#494,AGA494,DUABBP5HFDG6DGBGNQ5FDKWB6V265DDB4T2ZAGOMIWWCYZ3AJ3DWVQA5KA
545075721,AlgorillaArmy#555,AGA555,A6LF4XAG6PHZA47DFCPKOSSKM4NKDBBMHXO6LQBMY4XQUOOZIICRL6NLHY
545070473,AlgorillaArmy#512,AGA512,HYENW45GOERBTXKQ5SXCLIIFRWWVWPCUZPJ2DXSAMSMJJRTWG52JXCZ5JY
545070361,AlgorillaArmy#511,AGA511,V27JTWUVFP7D625AKFH3LQXZCPVHN2FK3OUXBQ6KYAY2KCZ7LOZOSBQY6U
545076235,AlgorillaArmy#559,AGA559,NDOSVXFCZQ7VVELN4RZEJFCUNZA7WKPVRROEUDPZXTBASV3TJRD6AABG5I
545076737,AlgorillaArmy#564,AGA564,ILCAM2MSVDZHW7IAOJ6T66LOP27SQJRJYM74HISNFFGM3QQKCNCHJL3HD4
545076973,AlgorillaArmy#566,AGA566,F6FCLLRIVCPRWQNENVEUWDMIN7L7FORUYT6W2ZH73L5JBTYRO4NOBTCL4Y
545075480,AlgorillaArmy#553,AGA553,GZUS3ROE6T7QJA4LQTKKS7TGUFON3IZIGI7XLBJPZQDZSZTIYB2A2FDXQM
545077066,AlgorillaArmy#567,AGA567,GS5RSW2ST6GBAB5EI5G7W6XDEJ7YIE4VD7B2ZELYCNEUU72MUB34WCK3YA
545076655,AlgorillaArmy#563,AGA563,ELQW5RR3OT4YR6GPG63ERWH53ARSYOHWE7YDXV4DOPX3MHLE4BRK2OGYGA
545077199,AlgorillaArmy#568,AGA568,BHIPGYEIRKI5MW3RJZB3WS4WR6C74HPN6E2G24PHEYMETBX4NGMLWAOFC4
545069587,AlgorillaArmy#505,AGA505,NB74JTELAPWHOGGGPNK6VYYPFWVBPBC7BRLKC27RYB5PNGYAHONH6A5HSU
545069321,AlgorillaArmy#503,AGA503,ONMPMXLQRTYAOTQOZUQ4GT7OLJ5O3TBE7IRNRP7KCYLSSIQVRGQB7V3G2M
545071042,AlgorillaArmy#517,AGA517,P4RQXVOD7A2HBD6ELH4YTUYDSEDQJCRFC2BLXUXHD4LFIIDMGHHM54MR64
545072131,AlgorillaArmy#525,AGA525,XGT3FU3GIBPDHBL34FZCJUYIIXQDKRUT7VBXYCQAOGVMJDMG3ZWG7O6PIE
545074908,AlgorillaArmy#549,AGA549,KWKZ3LBY5GBR6ZL2QG5NEYS7TKNUPEUCRJXGY6PFPTVQBQWJY3WHR6NXIY
545077732,AlgorillaArmy#573,AGA573,BHIPGYEIRKI5MW3RJZB3WS4WR6C74HPN6E2G24PHEYMETBX4NGMLWAOFC4
545071766,AlgorillaArmy#522,AGA522,YAHDPGX4VAPKZJEX7HDUMZNFBKCUZ4YDCWLSPGLD7GPP63P7O7WW5A6AMQ
545071303,AlgorillaArmy#519,AGA519,KEWW7F6MREGFLVHNQB7LW7FV6LBOMBKLE6ISUNVHETDU34FV7RSAKKUYYM
545070601,AlgorillaArmy#513,AGA513,NGNIG3RKJSAUZO3E3VDE74ADPBH5BYWTC76BVQ72ZMFTFR744RA7W3S77M
545070820,AlgorillaArmy#515,AGA515,F6FCLLRIVCPRWQNENVEUWDMIN7L7FORUYT6W2ZH73L5JBTYRO4NOBTCL4Y
545070029,AlgorillaArmy#508,AGA508,JRBAOMFHXSOJUP3PDDEZRC4ROEUEUUAOFQOXD3FUMYDLDKOYK3F2U2PJPE
545074464,AlgorillaArmy#544,AGA544,GNVEUWPCAE77VAMAFDAB3CNKHE2HXW2DPE244TBJEB7IDHJGZWIHN5CTWU
545071896,AlgorillaArmy#523,AGA523,INI2O6GB3LIVOKXE7SJ6ASHPHEBPXJKAXOKV23MIZYKMK3POTHE6LDZ4SY
545078675,AlgorillaArmy#579,AGA579,5GRXDRQRNFM3XDWDF36ZEIHO6UUYUFY367G6EMUNWUZMZQOB2WWT3FWGHY
545077294,AlgorillaArmy#569,AGA569,3FCPZBBW2VPFYCTRK3JL4F7EEOB5I4JXQGALG3ITGRD62UPHEX6ZCUEFK4
545078518,AlgorillaArmy#578,AGA578,4DJ7PHCNN37UZVEEFBAOXKO7BRT7GW5J5FJGPAQOB655JWRXN2PCS3VEGM
545079496,AlgorillaArmy#585,AGA585,VILLO6QAC436BUGIQTXZE7OUBUXYLXXREEL4QKAI4NF5H5PDBM6RVGJLU4
545076120,AlgorillaArmy#558,AGA558,FCUD3AYN6ZIYXIOOD6P3PLDXBFIRZXYLX7V2IW3P4ZFYMSX5WVRBYU45II
545073705,AlgorillaArmy#536,AGA536,A6VAZTTD7NYLECAARZBDK2BTVH7BBFAMKHZYYFW7Q35A4QGSVHEQYSRZAA
545073960,AlgorillaArmy#539,AGA539,YAHDPGX4VAPKZJEX7HDUMZNFBKCUZ4YDCWLSPGLD7GPP63P7O7WW5A6AMQ
545079743,AlgorillaArmy#587,AGA587,ZMQQ4LCS33EGC6INDI7XHYIM2GMLIR5PX46YOYE4PHK5JMY3HGDLJHKFQ4
545079882,AlgorillaArmy#588,AGA588,R7HCUCNED4ZPBCHWIMNQVL7JMKPWVW7DVONV77DMAKLG6UTKY7LPUXPENE
545076437,AlgorillaArmy#561,AGA561,XLJFTECX6D2LSRIVNFXPTNFAX2NPYIW2NH652MZTNUS5ITH6ITFNFYYQ6A
545080125,AlgorillaArmy#590,AGA590,R7HCUCNED4ZPBCHWIMNQVL7JMKPWVW7DVONV77DMAKLG6UTKY7LPUXPENE
545073140,AlgorillaArmy#532,AGA532,JNGVB2CC77ONQVG76TRGWH2SPDC4EEH4NHPA7DN3KAQDPCMZYL3HVZTAWY
545075852,AlgorillaArmy#556,AGA556,ILCAM2MSVDZHW7IAOJ6T66LOP27SQJRJYM74HISNFFGM3QQKCNCHJL3HD4
545080568,AlgorillaArmy#594,AGA594,R7HCUCNED4ZPBCHWIMNQVL7JMKPWVW7DVONV77DMAKLG6UTKY7LPUXPENE
545074394,AlgorillaArmy#543,AGA543,BWBJ53OAF4RIJRH732IYDKFM6POSKPQNFPBSXRA7FEWSALN4NJAJMUBD6M
545080774,AlgorillaArmy#596,AGA596,A6VDSMUMPXVPKT7ZXQ7XRCHHFMS5DZZB27BLLOULCHLPK3HEI6GCIAB4PM
545080227,AlgorillaArmy#591,AGA591,GZUS3ROE6T7QJA4LQTKKS7TGUFON3IZIGI7XLBJPZQDZSZTIYB2A2FDXQM
545081178,AlgorillaArmy#599,AGA599,R7HCUCNED4ZPBCHWIMNQVL7JMKPWVW7DVONV77DMAKLG6UTKY7LPUXPENE
545072338,AlgorillaArmy#527,AGA527,VPWCS7ZETGTBV2O5237RMTTFCWGZVPAYC777KGXNOP3OVRO7NGQ76P2FNE
545074562,AlgorillaArmy#545,AGA545,7MDCMLBIDSNT5HCROZ7TCOMK3OEEXXVTXRMIIZTQGXSC2ZD7YMY5CUMNVU
545081470,AlgorillaArmy#601,AGA601,WB5P2IMELAHNMBHJGRD64ORGGCPXRCDXS43ESE34MVNCFMPGCIV7RXKKK4
545073866,AlgorillaArmy#538,AGA538,72RZHIPCPXLM4K47OVJWFV6EBBFE7VAMU4E5RHQFDB63T6KVGZCXPN7VKM
545073799,AlgorillaArmy#537,AGA537,XGT3FU3GIBPDHBL34FZCJUYIIXQDKRUT7VBXYCQAOGVMJDMG3ZWG7O6PIE
545081699,AlgorillaArmy#603,AGA603,IEQOYULCEUVZXM4EC4TM5MLHXTMPIWPQRCR75LVCKVJ7ZJKITJAEM5OF5M
545082039,AlgorillaArmy#604,AGA604,FEHRL4DK5CQFWGCQZH6VMRV2BFIALZV2GH3CJYS3DGLQO7VI3WFBDUE2CU
545075365,AlgorillaArmy#552,AGA552,GNVEUWPCAE77VAMAFDAB3CNKHE2HXW2DPE244TBJEB7IDHJGZWIHN5CTWU
545075611,AlgorillaArmy#554,AGA554,NB74JTELAPWHOGGGPNK6VYYPFWVBPBC7BRLKC27RYB5PNGYAHONH6A5HSU
545082447,AlgorillaArmy#605,AGA605,WB5P2IMELAHNMBHJGRD64ORGGCPXRCDXS43ESE34MVNCFMPGCIV7RXKKK4
545074726,AlgorillaArmy#547,AGA547,DLO6VI4XJJWZOYUHSEKP3MVQZXGEOKDJUTTL5NJIS7UMXAPETOYLX3KNVE
545074656,AlgorillaArmy#546,AGA546,YAHDPGX4VAPKZJEX7HDUMZNFBKCUZ4YDCWLSPGLD7GPP63P7O7WW5A6AMQ
545077409,AlgorillaArmy#570,AGA570,EOTX7I5HTK6BIVR2L4XCZS2SAHW4LND7FPTSQFQ5E2ZSM6YRWRUGYQK6UE
545082979,AlgorillaArmy#607,AGA607,SQR37WGA66HB3TFAN6L3FKRUU6VJHXKXOO3EFO6WFMEDXCBSNJYEB3W45I
545076580,AlgorillaArmy#562,AGA562,DGDSUW4DNQH3O3CUAU46RVJOTUC3EY4CAAFUFQMHNOD5YNUTCEYKGVWGQY
545076348,AlgorillaArmy#560,AGA560,GNVEUWPCAE77VAMAFDAB3CNKHE2HXW2DPE244TBJEB7IDHJGZWIHN5CTWU
545074819,AlgorillaArmy#548,AGA548,F6FCLLRIVCPRWQNENVEUWDMIN7L7FORUYT6W2ZH73L5JBTYRO4NOBTCL4Y
545075977,AlgorillaArmy#557,AGA557,AKTA4JYHSUXI5BFN2URPYKCRVTPHFWLUZCLF5Z2VWY7KYRSAXM4MN2B5ME
545084265,AlgorillaArmy#611,AGA611,QNM4AI2LAA3W2J2OLTC4FI7ZS6Q436BHWG2HY7D2UJS2MAPC4CIJBGDMOM
545078015,AlgorillaArmy#575,AGA575,ANGELICR3I3QDEFCFMJ3GWWB3FXGZJDZQMWI6T2YXCGSQI4ARRK7P3ZQW4
545077597,AlgorillaArmy#572,AGA572,BWBJ53OAF4RIJRH732IYDKFM6POSKPQNFPBSXRA7FEWSALN4NJAJMUBD6M
545079148,AlgorillaArmy#582,AGA582,ELQW5RR3OT4YR6GPG63ERWH53ARSYOHWE7YDXV4DOPX3MHLE4BRK2OGYGA
545077827,AlgorillaArmy#574,AGA574,YUGD6VJVRSWOUDBRLCSJGDXW6PFL74Q5GJNQDARNYG4WMD52OU4X6RNZFY
545078167,AlgorillaArmy#576,AGA576,5KJUM7NHDFOTBCQWFM3YBAOTMHREEI46TTPZQK3GPIP4WLLAVXB5EHG3XM
545082728,AlgorillaArmy#606,AGA606,FCUD3AYN6ZIYXIOOD6P3PLDXBFIRZXYLX7V2IW3P4ZFYMSX5WVRBYU45II
545076869,AlgorillaArmy#565,AGA565,33X3BD7QR4S7B57EWU2L7ISUWOR2JHQQ3ZHWGNYOCWDQKYGRZR4C2PQIHY
545086770,AlgorillaArmy#618,AGA618,A6LF4XAG6PHZA47DFCPKOSSKM4NKDBBMHXO6LQBMY4XQUOOZIICRL6NLHY
545080023,AlgorillaArmy#589,AGA589,72RZHIPCPXLM4K47OVJWFV6EBBFE7VAMU4E5RHQFDB63T6KVGZCXPN7VKM
545086487,AlgorillaArmy#617,AGA617,4WTQLJJZOA3VB7NJFGS2IPF7D7VBOYQMR5S6NFBY24XLKF3P234BKCIBLY
545087854,AlgorillaArmy#621,AGA621,QNM4AI2LAA3W2J2OLTC4FI7ZS6Q436BHWG2HY7D2UJS2MAPC4CIJBGDMOM
545083523,AlgorillaArmy#609,AGA609,5GRXDRQRNFM3XDWDF36ZEIHO6UUYUFY367G6EMUNWUZMZQOB2WWT3FWGHY
545088262,AlgorillaArmy#622,AGA622,YOIPR4PYGSZCUUVIHLECEZ7NZVNWS4WTWNPMIZYYVJUZ565ZJX5QSQZBAE
545088543,AlgorillaArmy#623,AGA623,LHSISWWX3ZYUIFLBUMOSK2WX2W4IJCMOEVRC7VAXOP6NET4A47CWVEPPOI
545087192,AlgorillaArmy#619,AGA619,4WTQLJJZOA3VB7NJFGS2IPF7D7VBOYQMR5S6NFBY24XLKF3P234BKCIBLY
545079243,AlgorillaArmy#583,AGA583,A6VAZTTD7NYLECAARZBDK2BTVH7BBFAMKHZYYFW7Q35A4QGSVHEQYSRZAA
545089126,AlgorillaArmy#625,AGA625,7ZQVLVPVJV2X47VL3GU5THG4FOIHSZ4VFWESBW3LBANG7HMBXN74UPE7WM
545078818,AlgorillaArmy#580,AGA580,5JDXW6NQFTZP3ATREAFG5Z5KC6P7BEYONDNDRSN4LM467N3QD4T2N6LQ2Q
545077491,AlgorillaArmy#571,AGA571,3FCPZBBW2VPFYCTRK3JL4F7EEOB5I4JXQGALG3ITGRD62UPHEX6ZCUEFK4
545090315,AlgorillaArmy#629,AGA629,U6EUIENPZ7HWKMXWYADONUBPYHHBIBLBJW2SUPCVLQS3VIH3AKG2TERNAQ
545090597,AlgorillaArmy#630,AGA630,3QNZP5SYMTVOWI46SITYDJAT5M4GP5ILEF7HWXGGYWP6H5ESZYSNKB6HOI
545078339,AlgorillaArmy#577,AGA577,YUGD6VJVRSWOUDBRLCSJGDXW6PFL74Q5GJNQDARNYG4WMD52OU4X6RNZFY
545079333,AlgorillaArmy#584,AGA584,ANGELICR3I3QDEFCFMJ3GWWB3FXGZJDZQMWI6T2YXCGSQI4ARRK7P3ZQW4
545089602,AlgorillaArmy#627,AGA627,QBDJDIMUB3TIOFODIBNXR6VJ2OO3X7FBTNPS2BLTB6HST65M67JVMQJYEE
545091840,AlgorillaArmy#634,AGA634,R7HCUCNED4ZPBCHWIMNQVL7JMKPWVW7DVONV77DMAKLG6UTKY7LPUXPENE
545080421,AlgorillaArmy#593,AGA593,XGT3FU3GIBPDHBL34FZCJUYIIXQDKRUT7VBXYCQAOGVMJDMG3ZWG7O6PIE
545089364,AlgorillaArmy#626,AGA626,ZZ33E7FV5POGBZWMADNQSZT6I6PXRDTUAWEDGDYPFJDTZMOQZW7PJNVORE
545092633,AlgorillaArmy#636,AGA636,7ZQVLVPVJV2X47VL3GU5THG4FOIHSZ4VFWESBW3LBANG7HMBXN74UPE7WM
545081598,AlgorillaArmy#602,AGA602,HR5XIJMJCLMQMEZSRZ7JSUVLDRSXEMSLXNYVFYD2VXG6Y6PJ4L44QAELMI
545081305,AlgorillaArmy#600,AGA600,E27IYRPJNZZZMRZWEYOMMEM5725GZHC5JKGTZZQOD3EZQUTCTT75XE7VNU
545080336,AlgorillaArmy#592,AGA592,NB74JTELAPWHOGGGPNK6VYYPFWVBPBC7BRLKC27RYB5PNGYAHONH6A5HSU
545084776,AlgorillaArmy#613,AGA613,MKFQYNOAZ7OXKWY3PQY3NZELR35A7TXD37G5JAJPXEE4E7DMMK2Z32QAC4
545078997,AlgorillaArmy#581,AGA581,33X3BD7QR4S7B57EWU2L7ISUWOR2JHQQ3ZHWGNYOCWDQKYGRZR4C2PQIHY
545080908,AlgorillaArmy#597,AGA597,POGCTWUJVZH4FNZEH4XZ7MD4JUMSGYU4PIVDPJQCVRTLADCDOJEWUJ4TRY
545081034,AlgorillaArmy#598,AGA598,TAQPPYD4XTWDLVHZBE5YPPWS7TGU6QIRWPL7N7FHENJVIKXZNLMDJ7KSR4
545084512,AlgorillaArmy#612,AGA612,XGT3FU3GIBPDHBL34FZCJUYIIXQDKRUT7VBXYCQAOGVMJDMG3ZWG7O6PIE
545079621,AlgorillaArmy#586,AGA586,VPWCS7ZETGTBV2O5237RMTTFCWGZVPAYC777KGXNOP3OVRO7NGQ76P2FNE
545080657,AlgorillaArmy#595,AGA595,3TR3CT7H4BVSS6QSV35JLGTRLN5LNCFEL5YCUNZUIX5RARIY24MM6AQIH4
545095293,AlgorillaArmy#645,AGA645,URJQZSFLNVV5AOETQRMAUEFGZ6BBQVB3GUY2OZ4QTMIQ7Y2XPKBKQV6H44
545085729,AlgorillaArmy#615,AGA615,YAHDPGX4VAPKZJEX7HDUMZNFBKCUZ4YDCWLSPGLD7GPP63P7O7WW5A6AMQ
545095539,AlgorillaArmy#646,AGA646,BC6R4X25Q6CSBTSW47UA7IINK2DPJDSANRJJADRIUPSUM2TXBQYRXLE7ZA
545096241,AlgorillaArmy#648,AGA648,G7RUXPBYABXKKHFMX5BKMHFLQQ2C4IDN55XS74Q5QZOCAZAH2YLM7SMUD4
545083916,AlgorillaArmy#610,AGA610,5JDXW6NQFTZP3ATREAFG5Z5KC6P7BEYONDNDRSN4LM467N3QD4T2N6LQ2Q
545083200,AlgorillaArmy#608,AGA608,XGT3FU3GIBPDHBL34FZCJUYIIXQDKRUT7VBXYCQAOGVMJDMG3ZWG7O6PIE
545086137,AlgorillaArmy#616,AGA616,O6ITL3DHW6POOY6I75EABHLSJ6DJYJIAWO7JGM5RDMMHYZ2FVNIIN3SZXQ
545096837,AlgorillaArmy#650,AGA650,LIUCDIM6VG74N3XXBOMIK6UY73322DUB42ZPVTE7I76K5EQJPBNB2OMHZQ
545091193,AlgorillaArmy#632,AGA632,WNHR5ASC3MLL5HXCJGKMCDZ2GY44UONQNUX7W73V4JX5UBMFCM7Y6ODVEM
545099245,AlgorillaArmy#659,AGA659,7SMR46FEYA647FJO23XACJOEOBNOJOICZBMKJ3BRPRMJDPZIWOT3YDX7H4
545089946,AlgorillaArmy#628,AGA628,PAGMUL7WYTWANAREYZ425U3GAOOEQMKYEKKTINWSS52O2J6QIGDINQI5PM
545085111,AlgorillaArmy#614,AGA614,PXMUJV366CPWAJNREPXD4SDFIF4NBRHI5XDYYJPL5W745XLGCJBI63NGDY
545099878,AlgorillaArmy#661,AGA661,H7VUO2E3F74L3FR4DP4AO4OC3GDZ3CD7DY6Z56UMKJVTIE7HUNPFVZMJ2I
545088821,AlgorillaArmy#624,AGA624,FP7DXJCM5R2MGBZAGFUE2UC6PSOYEPE7CEQKIALIAEA3OGCVUGCQNL3H4A
545093479,AlgorillaArmy#639,AGA639,EE7CRFODWJDOXUVPVBIDYHKSRJHNZ4R3B6AKHBU5VRB5YBDXGVSZULEYIQ
545096559,AlgorillaArmy#649,AGA649,FCUD3AYN6ZIYXIOOD6P3PLDXBFIRZXYLX7V2IW3P4ZFYMSX5WVRBYU45II
545100118,AlgorillaArmy#662,AGA662,ILCAM2MSVDZHW7IAOJ6T66LOP27SQJRJYM74HISNFFGM3QQKCNCHJL3HD4
545087499,AlgorillaArmy#620,AGA620,DLO6VI4XJJWZOYUHSEKP3MVQZXGEOKDJUTTL5NJIS7UMXAPETOYLX3KNVE
545100563,AlgorillaArmy#664,AGA664,6QXYUNHETLLLJDNBUD4AFBZAGSAZ3WDNG3S73SXRYKXMXOBY3IDJ5M5IQQ
545097696,AlgorillaArmy#653,AGA653,GZUS3ROE6T7QJA4LQTKKS7TGUFON3IZIGI7XLBJPZQDZSZTIYB2A2FDXQM
545090846,AlgorillaArmy#631,AGA631,ELQW5RR3OT4YR6GPG63ERWH53ARSYOHWE7YDXV4DOPX3MHLE4BRK2OGYGA
545094762,AlgorillaArmy#643,AGA643,7MDCMLBIDSNT5HCROZ7TCOMK3OEEXXVTXRMIIZTQGXSC2ZD7YMY5CUMNVU
545091588,AlgorillaArmy#633,AGA633,FV6ULFQITUJF5NLUFWCPAW3X2IWKAKFN6L257WQUER2H3JHRXM2BKJYJHA
545102220,AlgorillaArmy#671,AGA671,4Y3MQYV3AMSD2A5BLXBP5RBW5VGPEFG4DPLSTTZMFCLPMQZWLON2BJS4WA
545102562,AlgorillaArmy#672,AGA672,5GRXDRQRNFM3XDWDF36ZEIHO6UUYUFY367G6EMUNWUZMZQOB2WWT3FWGHY
545103123,AlgorillaArmy#674,AGA674,WB5P2IMELAHNMBHJGRD64ORGGCPXRCDXS43ESE34MVNCFMPGCIV7RXKKK4
545093173,AlgorillaArmy#638,AGA638,UOAQZDLKE3ETBJNEUMSZKHITFLVNJKLXOBFDJOSFORDCFZ2GV6INIUIPKQ
545095093,AlgorillaArmy#644,AGA644,MNBINHIARDHN2PYTTAMGRMZK2XADZV35ZSHRBIJ7AY7TVJZB2IBGZCOVYQ
545092953,AlgorillaArmy#637,AGA637,EC6RX2NCEMWEMTS3GHQQGJSERJQNY63MDYRHCHIILSEKGKEQGT4NHTYRHM
545104252,AlgorillaArmy#678,AGA678,5Z23JSUFMMAVKM2XRWWJBECUDYZZPNIC5FXY3XVQ7EBDMTSK2LICHKHVKI
545094466,AlgorillaArmy#642,AGA642,SMYOKWNROZ6FP3AZPMHV6T3MXKQTMTW2JGHPGKFZDELIMZKEX3NGJZR2BE
545106662,AlgorillaArmy#686,AGA686,A6LF4XAG6PHZA47DFCPKOSSKM4NKDBBMHXO6LQBMY4XQUOOZIICRL6NLHY
545104028,AlgorillaArmy#677,AGA677,GZUS3ROE6T7QJA4LQTKKS7TGUFON3IZIGI7XLBJPZQDZSZTIYB2A2FDXQM
545106908,AlgorillaArmy#687,AGA687,H2AV2KJPBY6BHGVUZJAESWBPB2DTDQ5MLNZQL4REIRVRAEJ64P5HUDVPPU
545101770,AlgorillaArmy#669,AGA669,R7AGUR2UVCC5SOUYG6SP4U7TMUTBLDDBFXNUV2IJWKUPW5OZT2EAGN2SD4
545107355,AlgorillaArmy#689,AGA689,R7HCUCNED4ZPBCHWIMNQVL7JMKPWVW7DVONV77DMAKLG6UTKY7LPUXPENE
545106023,AlgorillaArmy#684,AGA684,ZXJK4ST5RWH56NHB54DHU647BZMUHLU7MWE4QGV2UBER4MIBQ3EHCMG5RM
545094181,AlgorillaArmy#641,AGA641,XEI3JPQDLYR5IJEWAHR7O6J4ED5IPKLBDO3WBQ2R6XUPEDUK3ZQP57WXKA
545097105,AlgorillaArmy#651,AGA651,GNVEUWPCAE77VAMAFDAB3CNKHE2HXW2DPE244TBJEB7IDHJGZWIHN5CTWU
545093856,AlgorillaArmy#640,AGA640,JRBAOMFHXSOJUP3PDDEZRC4ROEUEUUAOFQOXD3FUMYDLDKOYK3F2U2PJPE
545107818,AlgorillaArmy#691,AGA691,FZN6BRO2AVZYU2I6GBME7TQPBNZTQUZBYF5VX3BJ7RCFIYDVEIH65FJ2XU
545101530,AlgorillaArmy#668,AGA668,EE7CRFODWJDOXUVPVBIDYHKSRJHNZ4R3B6AKHBU5VRB5YBDXGVSZULEYIQ
545095900,AlgorillaArmy#647,AGA647,GNVEUWPCAE77VAMAFDAB3CNKHE2HXW2DPE244TBJEB7IDHJGZWIHN5CTWU
546562626,AlgorillaArmy#99,AGA99,MHMH2YLTXMO63UDB2HAXS5K3ZJ47QYPZR6BCSFGOE232VAKCQMK6HYKHV4
545100782,AlgorillaArmy#665,AGA665,RDBVA5E45XYECTHGSYSMUTAL4UAOVWTRM2SLPZZKLW4VWO2ZLGQGJ2PDKE
545097906,AlgorillaArmy#654,AGA654,UOAQZDLKE3ETBJNEUMSZKHITFLVNJKLXOBFDJOSFORDCFZ2GV6INIUIPKQ
545092234,AlgorillaArmy#635,AGA635,5KEHO4XN6NFXTUEJOH26ZBLMHDK7YFGEBDIIHTFWF5KQLBLZLMBGZHJAXA
545105409,AlgorillaArmy#682,AGA682,5KEHO4XN6NFXTUEJOH26ZBLMHDK7YFGEBDIIHTFWF5KQLBLZLMBGZHJAXA
545105783,AlgorillaArmy#683,AGA683,MV6CIRS3CK7Y2BD64LZRG2LZPBRSY2MLB7YTALVOI4FRAWFDIPAAY3MDH4
545100984,AlgorillaArmy#666,AGA666,MG6LCZLFDXY35LLRZWRPE67J4QJZ4VLO3CVJY5AZ5BJ5U5SYHIZOW64FUI
545101239,AlgorillaArmy#667,AGA667,NB74JTELAPWHOGGGPNK6VYYPFWVBPBC7BRLKC27RYB5PNGYAHONH6A5HSU
545098189,AlgorillaArmy#655,AGA655,BWBJ53OAF4RIJRH732IYDKFM6POSKPQNFPBSXRA7FEWSALN4NJAJMUBD6M
545098687,AlgorillaArmy#657,AGA657,CUB6FFX6LPYCIN7J3JMBO7F4FJXD3TNG2RKUSBL5FOFQDYPQLUWO3TKRXY
545102807,AlgorillaArmy#673,AGA673,4NDRVSLUITX5VXB6SAN76N5WD2FPHS7JUFLTKS2ZB2KU2R62TONGSEVBDU
545138263,AlgorillaArmy#698,AGA698,7MDCMLBIDSNT5HCROZ7TCOMK3OEEXXVTXRMIIZTQGXSC2ZD7YMY5CUMNVU
545138529,AlgorillaArmy#701,AGA701,3QNZP5SYMTVOWI46SITYDJAT5M4GP5ILEF7HWXGGYWP6H5ESZYSNKB6HOI
545098502,AlgorillaArmy#656,AGA656,NDOSVXFCZQ7VVELN4RZEJFCUNZA7WKPVRROEUDPZXTBASV3TJRD6AABG5I
545138613,AlgorillaArmy#702,AGA702,FZN6BRO2AVZYU2I6GBME7TQPBNZTQUZBYF5VX3BJ7RCFIYDVEIH65FJ2XU
545098933,AlgorillaArmy#658,AGA658,MV2JQVTOXBQ6RGPKR6YC5EC2XPC3DQBOA2APY3LKYNSZCZ36J7RP7N6FR4
545138698,AlgorillaArmy#703,AGA703,GZUS3ROE6T7QJA4LQTKKS7TGUFON3IZIGI7XLBJPZQDZSZTIYB2A2FDXQM
545099494,AlgorillaArmy#660,AGA660,ELQW5RR3OT4YR6GPG63ERWH53ARSYOHWE7YDXV4DOPX3MHLE4BRK2OGYGA
545138893,AlgorillaArmy#705,AGA705,XX7OGZWKSPE3OTKX5AGNEEUI5UVYVIAFWSSQOATYB2IFHTSRWQG26ACQZM
545104799,AlgorillaArmy#680,AGA680,JHSHW4K3WQR2Z3VXS7JDQHCCAK4BPVIUDRP3X27MUHSYUAYZU3H6CGG5KI
545107610,AlgorillaArmy#690,AGA690,BWBJ53OAF4RIJRH732IYDKFM6POSKPQNFPBSXRA7FEWSALN4NJAJMUBD6M
545139279,AlgorillaArmy#709,AGA709,6KIOF5UTN6P6GJ4GH2JCBRRL7TSK5PCTZZUXF23AECGM7YJE5ECNNIFMGY
545100360,AlgorillaArmy#663,AGA663,YAHDPGX4VAPKZJEX7HDUMZNFBKCUZ4YDCWLSPGLD7GPP63P7O7WW5A6AMQ
545139419,AlgorillaArmy#711,AGA711,YUGD6VJVRSWOUDBRLCSJGDXW6PFL74Q5GJNQDARNYG4WMD52OU4X6RNZFY
545139345,AlgorillaArmy#710,AGA710,GNVEUWPCAE77VAMAFDAB3CNKHE2HXW2DPE244TBJEB7IDHJGZWIHN5CTWU
545138789,AlgorillaArmy#704,AGA704,UGGLG3YEZZ35MDNSJTHLRU3XJUOVX24XRUJLQHJ4LWB6SRUAGYMLOT4P3U
545097405,AlgorillaArmy#652,AGA652,ACKV4FYNN33GYYH22IDK3QIXM62ZLPXKGFRRKUKRFNQTBVC6KT2ZHKA2WY
545139680,AlgorillaArmy#714,AGA714,PS5FXEXGU2T6HKJK3BHT3WRZTGE6HKW3QTQ3CFS5OJID3FHN53FGNTRTVE
545103701,AlgorillaArmy#676,AGA676,V27JTWUVFP7D625AKFH3LQXZCPVHN2FK3OUXBQ6KYAY2KCZ7LOZOSBQY6U
545104510,AlgorillaArmy#679,AGA679,TTI3LNCRUT3LG6CUUGVLYRRDTH65ZSOBMMY672QL2XW3U5HGZKEDGWYSF4
545103362,AlgorillaArmy#675,AGA675,ORVKAW7W6RSLFSBAFFMC7H4JNPXJ3QA2VDQ575JAYCZSDEZRZ6AWJ2WAFU
545102001,AlgorillaArmy#670,AGA670,72RZHIPCPXLM4K47OVJWFV6EBBFE7VAMU4E5RHQFDB63T6KVGZCXPN7VKM
545140522,AlgorillaArmy#720,AGA720,U6EUIENPZ7HWKMXWYADONUBPYHHBIBLBJW2SUPCVLQS3VIH3AKG2TERNAQ
545140663,AlgorillaArmy#721,AGA721,PXMUJV366CPWAJNREPXD4SDFIF4NBRHI5XDYYJPL5W745XLGCJBI63NGDY
545140923,AlgorillaArmy#723,AGA723,BHIPGYEIRKI5MW3RJZB3WS4WR6C74HPN6E2G24PHEYMETBX4NGMLWAOFC4
545107135,AlgorillaArmy#688,AGA688,ELQW5RR3OT4YR6GPG63ERWH53ARSYOHWE7YDXV4DOPX3MHLE4BRK2OGYGA
545106387,AlgorillaArmy#685,AGA685,ONMPMXLQRTYAOTQOZUQ4GT7OLJ5O3TBE7IRNRP7KCYLSSIQVRGQB7V3G2M
545141127,AlgorillaArmy#725,AGA725,R7HCUCNED4ZPBCHWIMNQVL7JMKPWVW7DVONV77DMAKLG6UTKY7LPUXPENE
545108191,AlgorillaArmy#692,AGA692,TTI3LNCRUT3LG6CUUGVLYRRDTH65ZSOBMMY672QL2XW3U5HGZKEDGWYSF4
545138452,AlgorillaArmy#700,AGA700,DLO6VI4XJJWZOYUHSEKP3MVQZXGEOKDJUTTL5NJIS7UMXAPETOYLX3KNVE
545137865,AlgorillaArmy#695,AGA695,D47E5BSMT4CPPVRYK57TXYYAHZPMRP4XXWGXNY6A6YWUYMKITONTTBK5AE
545137590,AlgorillaArmy#694,AGA694,EQFVG4S4GWU3VOADVENCRDHKR2U3VX5VTE2KPOKLQHDJSQMVTMDCUGI26A
545105110,AlgorillaArmy#681,AGA681,KG6PYBGFUKRC5IXN74O4HD57ZFJGXUJA6Y6W7YZ3ZR25GNUU4RLFGPXVCE
545138156,AlgorillaArmy#697,AGA697,JNGVB2CC77ONQVG76TRGWH2SPDC4EEH4NHPA7DN3KAQDPCMZYL3HVZTAWY
545139495,AlgorillaArmy#712,AGA712,KWKZ3LBY5GBR6ZL2QG5NEYS7TKNUPEUCRJXGY6PFPTVQBQWJY3WHR6NXIY
545141885,AlgorillaArmy#733,AGA733,4Y3MQYV3AMSD2A5BLXBP5RBW5VGPEFG4DPLSTTZMFCLPMQZWLON2BJS4WA
545139063,AlgorillaArmy#707,AGA707,6WAX5AVQGKJSYH2YWWHX3MMBSIESIZMA62IHV5YK5LHXUNU4IP7RFZPOCY
546498574,AlgorillaArmy#20,AGA20,VPWCS7ZETGTBV2O5237RMTTFCWGZVPAYC777KGXNOP3OVRO7NGQ76P2FNE
545142128,AlgorillaArmy#736,AGA736,ZMQQ4LCS33EGC6INDI7XHYIM2GMLIR5PX46YOYE4PHK5JMY3HGDLJHKFQ4
545142584,AlgorillaArmy#740,AGA740,A6LF4XAG6PHZA47DFCPKOSSKM4NKDBBMHXO6LQBMY4XQUOOZIICRL6NLHY
545138974,AlgorillaArmy#706,AGA706,YRAEVMQNQ6SIHOKVKG3XBRK5K5DM2PNN5GLKHGB5YZILX5WCSPF4HGSFTE
545139189,AlgorillaArmy#708,AGA708,SMYOKWNROZ6FP3AZPMHV6T3MXKQTMTW2JGHPGKFZDELIMZKEX3NGJZR2BE
545138366,AlgorillaArmy#699,AGA699,PALGA7BCRT5OWSGVKHDYY2HP335EB3LL6I7PBUHN2AIS24YF5QN7UQBWBM
545142878,AlgorillaArmy#743,AGA743,BKUSIL5CJ7LA5VRPVJPSCZ2K47YB3DKH7RQ26G5DJ5OAC6TUNTEZBORSC4
545142978,AlgorillaArmy#744,AGA744,R7HCUCNED4ZPBCHWIMNQVL7JMKPWVW7DVONV77DMAKLG6UTKY7LPUXPENE
545143099,AlgorillaArmy#745,AGA745,ZMQQ4LCS33EGC6INDI7XHYIM2GMLIR5PX46YOYE4PHK5JMY3HGDLJHKFQ4
545143221,AlgorillaArmy#746,AGA746,2XTEJQCBVPZ2QARUAJRWAB7D2CAZF4KXJ5YORW7LBAWS6KYWV7LCMXNYFU
545141036,AlgorillaArmy#724,AGA724,LDB2Q37IDQB53IJM6U3A4YNQNQOECCJ7EIUUWSJNFX2PTCWBG2K767UL34
545138007,AlgorillaArmy#696,AGA696,KEWW7F6MREGFLVHNQB7LW7FV6LBOMBKLE6ISUNVHETDU34FV7RSAKKUYYM
545139604,AlgorillaArmy#713,AGA713,EQFVG4S4GWU3VOADVENCRDHKR2U3VX5VTE2KPOKLQHDJSQMVTMDCUGI26A
545143723,AlgorillaArmy#749,AGA749,GZUS3ROE6T7QJA4LQTKKS7TGUFON3IZIGI7XLBJPZQDZSZTIYB2A2FDXQM
545144007,AlgorillaArmy#752,AGA752,3QNZP5SYMTVOWI46SITYDJAT5M4GP5ILEF7HWXGGYWP6H5ESZYSNKB6HOI
545141683,AlgorillaArmy#731,AGA731,HR5XIJMJCLMQMEZSRZ7JSUVLDRSXEMSLXNYVFYD2VXG6Y6PJ4L44QAELMI
545139792,AlgorillaArmy#715,AGA715,D47E5BSMT4CPPVRYK57TXYYAHZPMRP4XXWGXNY6A6YWUYMKITONTTBK5AE
545142045,AlgorillaArmy#735,AGA735,H2AV2KJPBY6BHGVUZJAESWBPB2DTDQ5MLNZQL4REIRVRAEJ64P5HUDVPPU
545139925,AlgorillaArmy#716,AGA716,MNBINHIARDHN2PYTTAMGRMZK2XADZV35ZSHRBIJ7AY7TVJZB2IBGZCOVYQ
545140794,AlgorillaArmy#722,AGA722,MZRWGZ2LJMDV6LJDUDKNGLHSNQTCMBPOOYQ7J6NIRLBFGHZWBKSM4GHEHU
545144570,AlgorillaArmy#758,AGA758,7XEWH7HI2HQUDSD3PZ4XHPV5EVW3JVG64GZ52M46CMP5PZTWL2Y6JIGPEA
545144652,AlgorillaArmy#759,AGA759,MPRRGD2IXHYNHRMOFD5AE6Y2KK6DL32GKDFIZG7SC6TYO6AKK7CZSSBKTA
545140205,AlgorillaArmy#718,AGA718,4NDRVSLUITX5VXB6SAN76N5WD2FPHS7JUFLTKS2ZB2KU2R62TONGSEVBDU
545145129,AlgorillaArmy#764,AGA764,NTUPBLALHK5MBAU6EHOM3B6XZID56RIVYLKJS5T6R5P45STPHEINQ7EPWE
545145248,AlgorillaArmy#765,AGA765,R7HCUCNED4ZPBCHWIMNQVL7JMKPWVW7DVONV77DMAKLG6UTKY7LPUXPENE
545143928,AlgorillaArmy#751,AGA751,B65TFJP7LLFQA7LUWFROGTLINUF3KUUFJ2QTD7FHGDEYIGICOWZIGGYW5E
545140335,AlgorillaArmy#719,AGA719,5KJUM7NHDFOTBCQWFM3YBAOTMHREEI46TTPZQK3GPIP4WLLAVXB5EHG3XM
545141489,AlgorillaArmy#729,AGA729,YIKYCHZY5X455RDRN6C2PWEJIAA6OCZDAQKOY5IM5COUTPBBFZY7WYLZCU
545141766,AlgorillaArmy#732,AGA732,EQFVG4S4GWU3VOADVENCRDHKR2U3VX5VTE2KPOKLQHDJSQMVTMDCUGI26A
545141955,AlgorillaArmy#734,AGA734,3EHGD765J2LEFVLOGHPBQ7GCMF2ALFLMF77ANU5VVG3HVFLR55NLGT4F44
545145035,AlgorillaArmy#763,AGA763,V2X6LDINBWNDRWOSUVZ4IFSQ2LZOT7G46AFD4TJM4WPFHV35X4YAMP3IK4
545142771,AlgorillaArmy#742,AGA742,NB74JTELAPWHOGGGPNK6VYYPFWVBPBC7BRLKC27RYB5PNGYAHONH6A5HSU
545141374,AlgorillaArmy#728,AGA728,NB74JTELAPWHOGGGPNK6VYYPFWVBPBC7BRLKC27RYB5PNGYAHONH6A5HSU
545141196,AlgorillaArmy#726,AGA726,BWBJ53OAF4RIJRH732IYDKFM6POSKPQNFPBSXRA7FEWSALN4NJAJMUBD6M
545143393,AlgorillaArmy#747,AGA747,EQFVG4S4GWU3VOADVENCRDHKR2U3VX5VTE2KPOKLQHDJSQMVTMDCUGI26A
545146424,AlgorillaArmy#774,AGA774,LHSISWWX3ZYUIFLBUMOSK2WX2W4IJCMOEVRC7VAXOP6NET4A47CWVEPPOI
545146136,AlgorillaArmy#771,AGA771,5KEHO4XN6NFXTUEJOH26ZBLMHDK7YFGEBDIIHTFWF5KQLBLZLMBGZHJAXA
545146552,AlgorillaArmy#775,AGA775,2XTEJQCBVPZ2QARUAJRWAB7D2CAZF4KXJ5YORW7LBAWS6KYWV7LCMXNYFU
545142214,AlgorillaArmy#737,AGA737,UPQ33WUL4XXXTOEVNZ62R77CNM5TGAORSRXGKN6WC245ELEQZXIMB7NNM4
545141295,AlgorillaArmy#727,AGA727,MIYXQAGY2KB7MLOGJVJ6NOXNTGNVRJSDD6U62XJVQCPE5OCYUTNLJDEUGI
545146852,AlgorillaArmy#778,AGA778,YUGD6VJVRSWOUDBRLCSJGDXW6PFL74Q5GJNQDARNYG4WMD52OU4X6RNZFY
545146940,AlgorillaArmy#779,AGA779,A6VDSMUMPXVPKT7ZXQ7XRCHHFMS5DZZB27BLLOULCHLPK3HEI6GCIAB4PM
545141600,AlgorillaArmy#730,AGA730,VAVDTUKIIE3UH63NZAXJ7KY2FIYHIRRD6SCQBWR4HM4TPKHW2C3XOQA2YE
545147025,AlgorillaArmy#780,AGA780,U6EUIENPZ7HWKMXWYADONUBPYHHBIBLBJW2SUPCVLQS3VIH3AKG2TERNAQ
545143566,AlgorillaArmy#748,AGA748,F6FCLLRIVCPRWQNENVEUWDMIN7L7FORUYT6W2ZH73L5JBTYRO4NOBTCL4Y
545147401,AlgorillaArmy#784,AGA784,U6G4Z4R3EBTI3B4PGCUZR34CYMGAGB4BOXE6NN3BNFG2X4LN2WJUHWAVLM
545147215,AlgorillaArmy#782,AGA782,A6VDSMUMPXVPKT7ZXQ7XRCHHFMS5DZZB27BLLOULCHLPK3HEI6GCIAB4PM
545144250,AlgorillaArmy#755,AGA755,YAHDPGX4VAPKZJEX7HDUMZNFBKCUZ4YDCWLSPGLD7GPP63P7O7WW5A6AMQ
545142680,AlgorillaArmy#741,AGA741,EQFVG4S4GWU3VOADVENCRDHKR2U3VX5VTE2KPOKLQHDJSQMVTMDCUGI26A
545142328,AlgorillaArmy#738,AGA738,FZJ4FJ525JHJQUA2X7YI2XJF26JJYOY23RDHGJSUGE6AVR6APCXQGXKGII
545140087,AlgorillaArmy#717,AGA717,MNBINHIARDHN2PYTTAMGRMZK2XADZV35ZSHRBIJ7AY7TVJZB2IBGZCOVYQ
545148180,AlgorillaArmy#791,AGA791,U6EUIENPZ7HWKMXWYADONUBPYHHBIBLBJW2SUPCVLQS3VIH3AKG2TERNAQ
545142474,AlgorillaArmy#739,AGA739,ILCAM2MSVDZHW7IAOJ6T66LOP27SQJRJYM74HISNFFGM3QQKCNCHJL3HD4
545144487,AlgorillaArmy#757,AGA757,DGDSUW4DNQH3O3CUAU46RVJOTUC3EY4CAAFUFQMHNOD5YNUTCEYKGVWGQY
545143862,AlgorillaArmy#750,AGA750,ZKT77BRURE6BO27V6ERF2T3FU4KVQN2F2OOF5LZUKDU3XLCUHW2QY7H2EA
545148603,AlgorillaArmy#794,AGA794,WB5P2IMELAHNMBHJGRD64ORGGCPXRCDXS43ESE34MVNCFMPGCIV7RXKKK4
545148968,AlgorillaArmy#796,AGA796,FEHRL4DK5CQFWGCQZH6VMRV2BFIALZV2GH3CJYS3DGLQO7VI3WFBDUE2CU
545146034,AlgorillaArmy#770,AGA770,CUB6FFX6LPYCIN7J3JMBO7F4FJXD3TNG2RKUSBL5FOFQDYPQLUWO3TKRXY
545149355,AlgorillaArmy#799,AGA799,PALGA7BCRT5OWSGVKHDYY2HP335EB3LL6I7PBUHN2AIS24YF5QN7UQBWBM
545145767,AlgorillaArmy#768,AGA768,QLCZOO7LSRCOS4VIANJQGTBFII2SAVTCR4ZSARP4ZEPYXNPDRCQ3MXQ4AE
545149453,AlgorillaArmy#800,AGA800,XGT3FU3GIBPDHBL34FZCJUYIIXQDKRUT7VBXYCQAOGVMJDMG3ZWG7O6PIE
545145896,AlgorillaArmy#769,AGA769,JGYJLWWEW72B666VUYHJZBXIKBGFS5UDZKNTZYIIJONEVSYE32E7I5RYJY
545149621,AlgorillaArmy#802,AGA802,UPQ33WUL4XXXTOEVNZ62R77CNM5TGAORSRXGKN6WC245ELEQZXIMB7NNM4
545146670,AlgorillaArmy#776,AGA776,XV77TS3MUH5EGA4CWPQUCAA7LWH6E6ZPVITZSCBCT6NOAZZKIYFYLOUDZQ
545149829,AlgorillaArmy#804,AGA804,D47E5BSMT4CPPVRYK57TXYYAHZPMRP4XXWGXNY6A6YWUYMKITONTTBK5AE
545146210,AlgorillaArmy#772,AGA772,UZKIK6WBGZLODXVV2AXUGRDAEGQNVNFHFTQTUTG5FUIDIGHIDDE5KJCUIQ
545150223,AlgorillaArmy#808,AGA808,D4W7HMIYKQJRTZG6KIEP5AJP3V4RJ36WPFZOBCWBE4SJCQWYISMSETRNIQ
545144085,AlgorillaArmy#753,AGA753,DGDSUW4DNQH3O3CUAU46RVJOTUC3EY4CAAFUFQMHNOD5YNUTCEYKGVWGQY
545150426,AlgorillaArmy#810,AGA810,GTYPAQWMPPNAATXVZHQOROVGGZKUESGCZCDMTOXHRPGXK7Z4ZJWXRJTIP4
545150623,AlgorillaArmy#812,AGA812,FZN6BRO2AVZYU2I6GBME7TQPBNZTQUZBYF5VX3BJ7RCFIYDVEIH65FJ2XU
545144757,AlgorillaArmy#760,AGA760,YVGAIY7LRDLQ4NTIUZAZHVF7F7SAMX55ICQA46MK7AGNLE7BFPVZ6ARNFE
545146764,AlgorillaArmy#777,AGA777,PNVDFSETZEBXKTKDXEVUOYXLIVFY2WQTPUIURH5D6NB7XBYAHZNPG2BD5A
545145556,AlgorillaArmy#767,AGA767,BWBJ53OAF4RIJRH732IYDKFM6POSKPQNFPBSXRA7FEWSALN4NJAJMUBD6M
545144156,AlgorillaArmy#754,AGA754,UOAQZDLKE3ETBJNEUMSZKHITFLVNJKLXOBFDJOSFORDCFZ2GV6INIUIPKQ
545144841,AlgorillaArmy#761,AGA761,MIYXQAGY2KB7MLOGJVJ6NOXNTGNVRJSDD6U62XJVQCPE5OCYUTNLJDEUGI
545147116,AlgorillaArmy#781,AGA781,EQFVG4S4GWU3VOADVENCRDHKR2U3VX5VTE2KPOKLQHDJSQMVTMDCUGI26A
545147810,AlgorillaArmy#788,AGA788,Y4HIRYAENFEY6OE55WQYW27Z2LRQ5DZB4VOQBOISXHFPABZRUISVIQK6YE
545144925,AlgorillaArmy#762,AGA762,XLJFTECX6D2LSRIVNFXPTNFAX2NPYIW2NH652MZTNUS5ITH6ITFNFYYQ6A
545151214,AlgorillaArmy#818,AGA818,ZKT77BRURE6BO27V6ERF2T3FU4KVQN2F2OOF5LZUKDU3XLCUHW2QY7H2EA
545144373,AlgorillaArmy#756,AGA756,PCTOP3RMQZJFGL4XG57LL5ZQBDPC4Z26XTYACJQAPAXTNCJYFPJATEFINQ
545151521,AlgorillaArmy#820,AGA820,ILCAM2MSVDZHW7IAOJ6T66LOP27SQJRJYM74HISNFFGM3QQKCNCHJL3HD4
545151626,AlgorillaArmy#821,AGA821,LHSISWWX3ZYUIFLBUMOSK2WX2W4IJCMOEVRC7VAXOP6NET4A47CWVEPPOI
545147312,AlgorillaArmy#783,AGA783,RPWKOP25RTFPS3WZOVRCZTL7XQR4J4BCHY4EW3BXVMFYS4TYAX6MI6GAVQ
545147890,AlgorillaArmy#789,AGA789,HRAUIJ6VTRALCYU4DXHQITZSMMBDHKEIBPSGV37TZ2RO3BLPFSI63FDI4I
545148487,AlgorillaArmy#793,AGA793,BWBJ53OAF4RIJRH732IYDKFM6POSKPQNFPBSXRA7FEWSALN4NJAJMUBD6M
545150722,AlgorillaArmy#813,AGA813,ZXJK4ST5RWH56NHB54DHU647BZMUHLU7MWE4QGV2UBER4MIBQ3EHCMG5RM
545146331,AlgorillaArmy#773,AGA773,NYLKRU3EJHYM3IAATI66LORZDG2NT6DAEXPHO56UVRU7HLOUKACM26ERS4
545150789,AlgorillaArmy#814,AGA814,SSBBA5FCPMNGSWP4Z4LPGEK2BOYATXFB4UVVRXYH3VR6RKZAX6FHHPQ4ZU
545145391,AlgorillaArmy#766,AGA766,7666EISCAZ6NSIB5MR633UKU5PU4LF2KGDAN2U6AMSQ7EPVJWAITX5EG7M
545152658,AlgorillaArmy#825,AGA825,LHSISWWX3ZYUIFLBUMOSK2WX2W4IJCMOEVRC7VAXOP6NET4A47CWVEPPOI
545147988,AlgorillaArmy#790,AGA790,FV6ULFQITUJF5NLUFWCPAW3X2IWKAKFN6L257WQUER2H3JHRXM2BKJYJHA
545151891,AlgorillaArmy#822,AGA822,WT5KKNUEJSZYONJQFX7FNLO4A5TMMEOSZXZPJFTDJJG7CQA2NRHKWPTV6Q
545153170,AlgorillaArmy#827,AGA827,XBOMMMEOIUWEOPDKT4T5AVZY7F52X25GVKW2B4COREGMNYCLQ2GHFOUOM4
545154108,AlgorillaArmy#829,AGA829,UPQ33WUL4XXXTOEVNZ62R77CNM5TGAORSRXGKN6WC245ELEQZXIMB7NNM4
545149256,AlgorillaArmy#798,AGA798,NB74JTELAPWHOGGGPNK6VYYPFWVBPBC7BRLKC27RYB5PNGYAHONH6A5HSU
545147635,AlgorillaArmy#786,AGA786,YUGD6VJVRSWOUDBRLCSJGDXW6PFL74Q5GJNQDARNYG4WMD52OU4X6RNZFY
545154706,AlgorillaArmy#830,AGA830,EA2QYL7HZEJSY2S3C2B4SPWWDBQZY7OXX76Q2EEPQGKJO5ZWUAQVL27PL4
545150133,AlgorillaArmy#807,AGA807,5RMU77CDZMYB6CGEAZK5K3VBYCPUSNEFP2WZSS3JA5EXQE5GR3JDN3LUCE
545149536,AlgorillaArmy#801,AGA801,V27JTWUVFP7D625AKFH3LQXZCPVHN2FK3OUXBQ6KYAY2KCZ7LOZOSBQY6U
545147490,AlgorillaArmy#785,AGA785,DGDSUW4DNQH3O3CUAU46RVJOTUC3EY4CAAFUFQMHNOD5YNUTCEYKGVWGQY
545147710,AlgorillaArmy#787,AGA787,XKMAEEUZ4BMZUL7GGGEPPY5U34VB3WRR6BEE27GCLB7C2WM2LKAEOQVA5Q
545181826,AlgorillaArmy#838,AGA838,MVR5MKCIHOJ53NOQNPZ2RGQ32MN3AWTCAUAM7VXRK57WQHJH3DBVK26TLE
545149719,AlgorillaArmy#803,AGA803,D47E5BSMT4CPPVRYK57TXYYAHZPMRP4XXWGXNY6A6YWUYMKITONTTBK5AE
545182145,AlgorillaArmy#839,AGA839,EA7WT2QKB57DZHPAXD7AO4HVTHGOEKBIGHPZV647EUSRNLTEH2GS3AGG3I
545182586,AlgorillaArmy#841,AGA841,XWVHOATA4P52FQ6QJLZPB2DYPOSIEI7XRDDNRHVC54KPBTW7FA4QB5GW6U
545152937,AlgorillaArmy#826,AGA826,EE7CRFODWJDOXUVPVBIDYHKSRJHNZ4R3B6AKHBU5VRB5YBDXGVSZULEYIQ
545149079,AlgorillaArmy#797,AGA797,HL65SEX7ERMP25UJQ4JZ6MNRCDSBILTVFDGZJXL4HYT4VUCXPJ2RQBJLMI
545183261,AlgorillaArmy#844,AGA844,A6VAZTTD7NYLECAARZBDK2BTVH7BBFAMKHZYYFW7Q35A4QGSVHEQYSRZAA
545148348,AlgorillaArmy#792,AGA792,EQFVG4S4GWU3VOADVENCRDHKR2U3VX5VTE2KPOKLQHDJSQMVTMDCUGI26A
545150030,AlgorillaArmy#806,AGA806,YUGD6VJVRSWOUDBRLCSJGDXW6PFL74Q5GJNQDARNYG4WMD52OU4X6RNZFY
545150349,AlgorillaArmy#809,AGA809,5KJUM7NHDFOTBCQWFM3YBAOTMHREEI46TTPZQK3GPIP4WLLAVXB5EHG3XM
545150534,AlgorillaArmy#811,AGA811,DGDSUW4DNQH3O3CUAU46RVJOTUC3EY4CAAFUFQMHNOD5YNUTCEYKGVWGQY
545183920,AlgorillaArmy#847,AGA847,PXDGDL2OOVCKSW74W7SE7RQGIS6F5GSKOC76RP6EX4IBU4SHJPOPGS5H3M
545148766,AlgorillaArmy#795,AGA795,ZZSF65WATL7D4KQEKXPN5KSVGAM7RQTB4QTTXBZ7ZK24N77Q6MDEAKHYO4
545184355,AlgorillaArmy#849,AGA849,3QNZP5SYMTVOWI46SITYDJAT5M4GP5ILEF7HWXGGYWP6H5ESZYSNKB6HOI
545151088,AlgorillaArmy#817,AGA817,FP7DXJCM5R2MGBZAGFUE2UC6PSOYEPE7CEQKIALIAEA3OGCVUGCQNL3H4A
545186483,AlgorillaArmy#858,AGA858,3QNZP5SYMTVOWI46SITYDJAT5M4GP5ILEF7HWXGGYWP6H5ESZYSNKB6HOI
545155777,AlgorillaArmy#834,AGA834,FCUD3AYN6ZIYXIOOD6P3PLDXBFIRZXYLX7V2IW3P4ZFYMSX5WVRBYU45II
545185596,AlgorillaArmy#854,AGA854,UGGLG3YEZZ35MDNSJTHLRU3XJUOVX24XRUJLQHJ4LWB6SRUAGYMLOT4P3U
545187573,AlgorillaArmy#863,AGA863,ZXJK4ST5RWH56NHB54DHU647BZMUHLU7MWE4QGV2UBER4MIBQ3EHCMG5RM
545186925,AlgorillaArmy#860,AGA860,YWBU2G3B5YJVGER2SY4NWMXBDWGMMFWCKNHP5JGJ2HO36KNKT5KIC5BSBQ
545188040,AlgorillaArmy#865,AGA865,63L3K7O5EF5TEO75NGOLXZWT7XZP2M4NT6J5E6VF7F6R26MWSNVNEHFZPU
545151002,AlgorillaArmy#816,AGA816,33X3BD7QR4S7B57EWU2L7ISUWOR2JHQQ3ZHWGNYOCWDQKYGRZR4C2PQIHY
545149944,AlgorillaArmy#805,AGA805,GTYPAQWMPPNAATXVZHQOROVGGZKUESGCZCDMTOXHRPGXK7Z4ZJWXRJTIP4
545188886,AlgorillaArmy#869,AGA869,WB5P2IMELAHNMBHJGRD64ORGGCPXRCDXS43ESE34MVNCFMPGCIV7RXKKK4
545188273,AlgorillaArmy#866,AGA866,GTYPAQWMPPNAATXVZHQOROVGGZKUESGCZCDMTOXHRPGXK7Z4ZJWXRJTIP4
545189100,AlgorillaArmy#870,AGA870,WIAJZVLMPCJZ44AAYWHDFMNZHX2GTCIPZZXKGNIRFM2J7IAR3VO2TFUWZ4
545190669,AlgorillaArmy#877,AGA877,ILWCG6YZDYBNCIJNKNJSPAKUEUDIS7224W7DX3U3QVVV7ALHKE5WDY5JB4
545190441,AlgorillaArmy#876,AGA876,R7HCUCNED4ZPBCHWIMNQVL7JMKPWVW7DVONV77DMAKLG6UTKY7LPUXPENE
545153878,AlgorillaArmy#828,AGA828,JRBAOMFHXSOJUP3PDDEZRC4ROEUEUUAOFQOXD3FUMYDLDKOYK3F2U2PJPE
545152429,AlgorillaArmy#824,AGA824,DGDSUW4DNQH3O3CUAU46RVJOTUC3EY4CAAFUFQMHNOD5YNUTCEYKGVWGQY
545151363,AlgorillaArmy#819,AGA819,JNGVB2CC77ONQVG76TRGWH2SPDC4EEH4NHPA7DN3KAQDPCMZYL3HVZTAWY
545150911,AlgorillaArmy#815,AGA815,GTYPAQWMPPNAATXVZHQOROVGGZKUESGCZCDMTOXHRPGXK7Z4ZJWXRJTIP4
545152152,AlgorillaArmy#823,AGA823,GTYPAQWMPPNAATXVZHQOROVGGZKUESGCZCDMTOXHRPGXK7Z4ZJWXRJTIP4
545188673,AlgorillaArmy#868,AGA868,SSBBA5FCPMNGSWP4Z4LPGEK2BOYATXFB4UVVRXYH3VR6RKZAX6FHHPQ4ZU
545189791,AlgorillaArmy#873,AGA873,ONMPMXLQRTYAOTQOZUQ4GT7OLJ5O3TBE7IRNRP7KCYLSSIQVRGQB7V3G2M
545194018,AlgorillaArmy#890,AGA890,ILCAM2MSVDZHW7IAOJ6T66LOP27SQJRJYM74HISNFFGM3QQKCNCHJL3HD4
545154970,AlgorillaArmy#831,AGA831,PNVDFSETZEBXKTKDXEVUOYXLIVFY2WQTPUIURH5D6NB7XBYAHZNPG2BD5A
545155330,AlgorillaArmy#832,AGA832,NB74JTELAPWHOGGGPNK6VYYPFWVBPBC7BRLKC27RYB5PNGYAHONH6A5HSU
545191539,AlgorillaArmy#881,AGA881,YEXPMKRK6UBGY4BQ7LQGEOPQX7NXSE3HCMU5RSYK5BD2ZXZ4SA4ILT6SOE
545191953,AlgorillaArmy#882,AGA882,ZXJK4ST5RWH56NHB54DHU647BZMUHLU7MWE4QGV2UBER4MIBQ3EHCMG5RM
545195903,AlgorillaArmy#898,AGA898,FZN6BRO2AVZYU2I6GBME7TQPBNZTQUZBYF5VX3BJ7RCFIYDVEIH65FJ2XU
545192874,AlgorillaArmy#885,AGA885,YAHDPGX4VAPKZJEX7HDUMZNFBKCUZ4YDCWLSPGLD7GPP63P7O7WW5A6AMQ
545196156,AlgorillaArmy#899,AGA899,A6LF4XAG6PHZA47DFCPKOSSKM4NKDBBMHXO6LQBMY4XQUOOZIICRL6NLHY
545182796,AlgorillaArmy#842,AGA842,UOAQZDLKE3ETBJNEUMSZKHITFLVNJKLXOBFDJOSFORDCFZ2GV6INIUIPKQ
545196347,AlgorillaArmy#900,AGA900,XWVHOATA4P52FQ6QJLZPB2DYPOSIEI7XRDDNRHVC54KPBTW7FA4QB5GW6U
545196962,AlgorillaArmy#903,AGA903,U6EUIENPZ7HWKMXWYADONUBPYHHBIBLBJW2SUPCVLQS3VIH3AKG2TERNAQ
545194992,AlgorillaArmy#894,AGA894,4WTQLJJZOA3VB7NJFGS2IPF7D7VBOYQMR5S6NFBY24XLKF3P234BKCIBLY
545190030,AlgorillaArmy#874,AGA874,EE7CRFODWJDOXUVPVBIDYHKSRJHNZ4R3B6AKHBU5VRB5YBDXGVSZULEYIQ
545195414,AlgorillaArmy#896,AGA896,GZUS3ROE6T7QJA4LQTKKS7TGUFON3IZIGI7XLBJPZQDZSZTIYB2A2FDXQM
545183677,AlgorillaArmy#846,AGA846,SMYOKWNROZ6FP3AZPMHV6T3MXKQTMTW2JGHPGKFZDELIMZKEX3NGJZR2BE
545181582,AlgorillaArmy#837,AGA837,ANGELICR3I3QDEFCFMJ3GWWB3FXGZJDZQMWI6T2YXCGSQI4ARRK7P3ZQW4
545155550,AlgorillaArmy#833,AGA833,NTUPBLALHK5MBAU6EHOM3B6XZID56RIVYLKJS5T6R5P45STPHEINQ7EPWE
545197549,AlgorillaArmy#906,AGA906,FZN6BRO2AVZYU2I6GBME7TQPBNZTQUZBYF5VX3BJ7RCFIYDVEIH65FJ2XU
545183033,AlgorillaArmy#843,AGA843,3TR3CT7H4BVSS6QSV35JLGTRLN5LNCFEL5YCUNZUIX5RARIY24MM6AQIH4
545198426,AlgorillaArmy#909,AGA909,A6VAZTTD7NYLECAARZBDK2BTVH7BBFAMKHZYYFW7Q35A4QGSVHEQYSRZAA
545198701,AlgorillaArmy#910,AGA910,VSDGHCRR5IJO6HVII5HNBR3TPXHBWR2FSXTL7337SSJCQORNOLQQLAJZYE
545195204,AlgorillaArmy#895,AGA895,K2JU2YQR3JHUTEJHPRVEJUPHEHTLAN7HVNHJOHPXRMQAMFWGZ4N6DCA56A
545181323,AlgorillaArmy#836,AGA836,FV6ULFQITUJF5NLUFWCPAW3X2IWKAKFN6L257WQUER2H3JHRXM2BKJYJHA
545192274,AlgorillaArmy#883,AGA883,CRTMRBCASXKDFDOK354XHOWZMDJEBM2PTX4KHJ3I5YYPW3OM2JN7M5JYFE
545199166,AlgorillaArmy#912,AGA912,URJQZSFLNVV5AOETQRMAUEFGZ6BBQVB3GUY2OZ4QTMIQ7Y2XPKBKQV6H44
545184148,AlgorillaArmy#848,AGA848,ZMQQ4LCS33EGC6INDI7XHYIM2GMLIR5PX46YOYE4PHK5JMY3HGDLJHKFQ4
545186012,AlgorillaArmy#856,AGA856,IYAJ6C6A5VLM7X5BRWJGI4RP42R35UNOWD3A7CBNXDSEPHSUT4R44F7RWQ
545200199,AlgorillaArmy#916,AGA916,KTAFOYDUHHFRM5O76K7IXYG6SMO2Q3BDH2KUI2X3WJSRS2EI2SSJTGEW3U
545194431,AlgorillaArmy#892,AGA892,EE7CRFODWJDOXUVPVBIDYHKSRJHNZ4R3B6AKHBU5VRB5YBDXGVSZULEYIQ
545186268,AlgorillaArmy#857,AGA857,SBFUX2O6WTTN3OIL7B6E4YWWX55ISKQ7JFEECM7E7TGRGQRFIVTM5YORRI
545191104,AlgorillaArmy#879,AGA879,DXSUW6OYFBU4GVM2H7HQGN64VJHRALO2LB7JL63M45O7G7L32BLM3QUQHI
545184787,AlgorillaArmy#851,AGA851,XGT3FU3GIBPDHBL34FZCJUYIIXQDKRUT7VBXYCQAOGVMJDMG3ZWG7O6PIE
545190242,AlgorillaArmy#875,AGA875,HR5XIJMJCLMQMEZSRZ7JSUVLDRSXEMSLXNYVFYD2VXG6Y6PJ4L44QAELMI
545185810,AlgorillaArmy#855,AGA855,FKHR4TQWT46JXS2HEVYHHUDS62PPBN5KHNYJD2QTC4X2EAZ4ZEZ3ASRXQA
545184569,AlgorillaArmy#850,AGA850,V5RSPAAL6OH3CJDN7UI2E3O5RYUTEQSU2PUPUREHHHKYQZFKID6TMMPFQ4
545193077,AlgorillaArmy#886,AGA886,MIYXQAGY2KB7MLOGJVJ6NOXNTGNVRJSDD6U62XJVQCPE5OCYUTNLJDEUGI
545182347,AlgorillaArmy#840,AGA840,I3ERMRMAC64MT2KEWOANDNRH6MISFCS64B7QLYVWMFC6GJ7YS7ZS77JMLM
545187343,AlgorillaArmy#862,AGA862,XGT3FU3GIBPDHBL34FZCJUYIIXQDKRUT7VBXYCQAOGVMJDMG3ZWG7O6PIE
545183462,AlgorillaArmy#845,AGA845,GTYPAQWMPPNAATXVZHQOROVGGZKUESGCZCDMTOXHRPGXK7Z4ZJWXRJTIP4
545201644,AlgorillaArmy#930,AGA930,7RQFSJTJQTKR6CMLU5VAWMAP7MFNVC34TVZ3BSYRW24MARCWO4P6NIPJR4
545201291,AlgorillaArmy#926,AGA926,YWBU2G3B5YJVGER2SY4NWMXBDWGMMFWCKNHP5JGJ2HO36KNKT5KIC5BSBQ
545185378,AlgorillaArmy#853,AGA853,IH5SOYVSFHY3LKELUWG5QOCVLDHPWFCKEJ3S64QQM4WIVAZVQBSIXRDRSM
545185057,AlgorillaArmy#852,AGA852,FZY6J6CLIVTPNICVJGYR4MXHVVYTC5UHTSULZGV5TAPEOHI5U2ETRXJ75A
545194218,AlgorillaArmy#891,AGA891,63L3K7O5EF5TEO75NGOLXZWT7XZP2M4NT6J5E6VF7F6R26MWSNVNEHFZPU
545202342,AlgorillaArmy#935,AGA935,A6VDSMUMPXVPKT7ZXQ7XRCHHFMS5DZZB27BLLOULCHLPK3HEI6GCIAB4PM
545187129,AlgorillaArmy#861,AGA861,QLCZOO7LSRCOS4VIANJQGTBFII2SAVTCR4ZSARP4ZEPYXNPDRCQ3MXQ4AE
545197359,AlgorillaArmy#905,AGA905,U6G4Z4R3EBTI3B4PGCUZR34CYMGAGB4BOXE6NN3BNFG2X4LN2WJUHWAVLM
545196570,AlgorillaArmy#901,AGA901,VAVDTUKIIE3UH63NZAXJ7KY2FIYHIRRD6SCQBWR4HM4TPKHW2C3XOQA2YE
545186672,AlgorillaArmy#859,AGA859,AT44H23KIYYAGD7KKOH7QA5I2XDN5O7YPD5IS7H5727PK65J7L5D3LL57U
545194720,AlgorillaArmy#893,AGA893,63L3K7O5EF5TEO75NGOLXZWT7XZP2M4NT6J5E6VF7F6R26MWSNVNEHFZPU
545203093,AlgorillaArmy#939,AGA939,3QNZP5SYMTVOWI46SITYDJAT5M4GP5ILEF7HWXGGYWP6H5ESZYSNKB6HOI
545188469,AlgorillaArmy#867,AGA867,NB74JTELAPWHOGGGPNK6VYYPFWVBPBC7BRLKC27RYB5PNGYAHONH6A5HSU
545193273,AlgorillaArmy#887,AGA887,SMYOKWNROZ6FP3AZPMHV6T3MXKQTMTW2JGHPGKFZDELIMZKEX3NGJZR2BE
545201811,AlgorillaArmy#932,AGA932,5GRXDRQRNFM3XDWDF36ZEIHO6UUYUFY367G6EMUNWUZMZQOB2WWT3FWGHY
545203348,AlgorillaArmy#941,AGA941,WB5P2IMELAHNMBHJGRD64ORGGCPXRCDXS43ESE34MVNCFMPGCIV7RXKKK4
545189329,AlgorillaArmy#871,AGA871,3TR3CT7H4BVSS6QSV35JLGTRLN5LNCFEL5YCUNZUIX5RARIY24MM6AQIH4
545189559,AlgorillaArmy#872,AGA872,XGT3FU3GIBPDHBL34FZCJUYIIXQDKRUT7VBXYCQAOGVMJDMG3ZWG7O6PIE
545203661,AlgorillaArmy#944,AGA944,R7HCUCNED4ZPBCHWIMNQVL7JMKPWVW7DVONV77DMAKLG6UTKY7LPUXPENE
545201907,AlgorillaArmy#933,AGA933,BKUSIL5CJ7LA5VRPVJPSCZ2K47YB3DKH7RQ26G5DJ5OAC6TUNTEZBORSC4
545191282,AlgorillaArmy#880,AGA880,YVGAIY7LRDLQ4NTIUZAZHVF7F7SAMX55ICQA46MK7AGNLE7BFPVZ6ARNFE
545203895,AlgorillaArmy#946,AGA946,KWKZ3LBY5GBR6ZL2QG5NEYS7TKNUPEUCRJXGY6PFPTVQBQWJY3WHR6NXIY
545199422,AlgorillaArmy#913,AGA913,EE7CRFODWJDOXUVPVBIDYHKSRJHNZ4R3B6AKHBU5VRB5YBDXGVSZULEYIQ
545187815,AlgorillaArmy#864,AGA864,3EHGD765J2LEFVLOGHPBQ7GCMF2ALFLMF77ANU5VVG3HVFLR55NLGT4F44
545190891,AlgorillaArmy#878,AGA878,BWBJ53OAF4RIJRH732IYDKFM6POSKPQNFPBSXRA7FEWSALN4NJAJMUBD6M
545200730,AlgorillaArmy#920,AGA920,GEOC3BSITB6S65PXDVPAGBUIEZK43FB2NBH2RGXBCB2CDPLJL4R3RWTJGU
545203984,AlgorillaArmy#947,AGA947,3QNZP5SYMTVOWI46SITYDJAT5M4GP5ILEF7HWXGGYWP6H5ESZYSNKB6HOI
545192544,AlgorillaArmy#884,AGA884,MULILZCPNVCE3DZHTIWY4B2SDY2H3U2QN6KWZFFSS6JSFU6FWZFSXO3BBM
545204461,AlgorillaArmy#951,AGA951,R7HCUCNED4ZPBCHWIMNQVL7JMKPWVW7DVONV77DMAKLG6UTKY7LPUXPENE
545204556,AlgorillaArmy#952,AGA952,KEWW7F6MREGFLVHNQB7LW7FV6LBOMBKLE6ISUNVHETDU34FV7RSAKKUYYM
545203223,AlgorillaArmy#940,AGA940,GZUS3ROE6T7QJA4LQTKKS7TGUFON3IZIGI7XLBJPZQDZSZTIYB2A2FDXQM
545196773,AlgorillaArmy#902,AGA902,O6ITL3DHW6POOY6I75EABHLSJ6DJYJIAWO7JGM5RDMMHYZ2FVNIIN3SZXQ
545197153,AlgorillaArmy#904,AGA904,MIYXQAGY2KB7MLOGJVJ6NOXNTGNVRJSDD6U62XJVQCPE5OCYUTNLJDEUGI
545198109,AlgorillaArmy#908,AGA908,HRAUIJ6VTRALCYU4DXHQITZSMMBDHKEIBPSGV37TZ2RO3BLPFSI63FDI4I
545193750,AlgorillaArmy#889,AGA889,7666EISCAZ6NSIB5MR633UKU5PU4LF2KGDAN2U6AMSQ7EPVJWAITX5EG7M
545203550,AlgorillaArmy#943,AGA943,3YCNCHBKV6SUJK5V7YIZS3THHWDAWU5FCW3U6QP5YDNPRS4SLWYD2FX7WA
545204829,AlgorillaArmy#955,AGA955,5GRXDRQRNFM3XDWDF36ZEIHO6UUYUFY367G6EMUNWUZMZQOB2WWT3FWGHY
545193517,AlgorillaArmy#888,AGA888,GNVEUWPCAE77VAMAFDAB3CNKHE2HXW2DPE244TBJEB7IDHJGZWIHN5CTWU
545206575,AlgorillaArmy#968,AGA968,R7HCUCNED4ZPBCHWIMNQVL7JMKPWVW7DVONV77DMAKLG6UTKY7LPUXPENE
545206025,AlgorillaArmy#963,AGA963,ZXJK4ST5RWH56NHB54DHU647BZMUHLU7MWE4QGV2UBER4MIBQ3EHCMG5RM
545200919,AlgorillaArmy#922,AGA922,FR4XSE4W5HPTYTUE7KKPAFAJ4C27NIPE5FCJOMYX7MHWWM3DJ45NBLXP5I
545201112,AlgorillaArmy#924,AGA924,ZKT77BRURE6BO27V6ERF2T3FU4KVQN2F2OOF5LZUKDU3XLCUHW2QY7H2EA
545200405,AlgorillaArmy#917,AGA917,CUB6FFX6LPYCIN7J3JMBO7F4FJXD3TNG2RKUSBL5FOFQDYPQLUWO3TKRXY
545201015,AlgorillaArmy#923,AGA923,TOTKGFU2VJF2LQNRHY4MVILEMGNCETW22J5CDRVF3MBRYGDEB7B6JRPA4U
545197809,AlgorillaArmy#907,AGA907,STEINCMH2IQXMU37WR7SJH4WXXUGC2TB35WVMQRH3S5TOZE3VQRZEFJE5E
545207084,AlgorillaArmy#973,AGA973,PXMUJV366CPWAJNREPXD4SDFIF4NBRHI5XDYYJPL5W745XLGCJBI63NGDY
545206265,AlgorillaArmy#965,AGA965,7G5DDZ2AGNVTGSQKJPVCE3K5LVLFN3HU2YOS6ZQXE37GFC2XFMYB3XERPU
545202694,AlgorillaArmy#937,AGA937,RDBVA5E45XYECTHGSYSMUTAL4UAOVWTRM2SLPZZKLW4VWO2ZLGQGJ2PDKE
545205015,AlgorillaArmy#957,AGA957,FCUD3AYN6ZIYXIOOD6P3PLDXBFIRZXYLX7V2IW3P4ZFYMSX5WVRBYU45II
545201484,AlgorillaArmy#928,AGA928,RXOJ3RJMYEVYD5GDWEYGZDM6BULN3HRVHF5CQN7FIX2CHQ5L2FISBCCX2I
545207331,AlgorillaArmy#975,AGA975,ZMQQ4LCS33EGC6INDI7XHYIM2GMLIR5PX46YOYE4PHK5JMY3HGDLJHKFQ4
545195631,AlgorillaArmy#897,AGA897,5JDXW6NQFTZP3ATREAFG5Z5KC6P7BEYONDNDRSN4LM467N3QD4T2N6LQ2Q
545202935,AlgorillaArmy#938,AGA938,6RWB7C3RPMG556RC7PAHRDYP566COY4BRYUYQ5MOEBZGOQIHQ4HVIRPR4I
545199688,AlgorillaArmy#914,AGA914,5JDXW6NQFTZP3ATREAFG5Z5KC6P7BEYONDNDRSN4LM467N3QD4T2N6LQ2Q
545202522,AlgorillaArmy#936,AGA936,MIYXQAGY2KB7MLOGJVJ6NOXNTGNVRJSDD6U62XJVQCPE5OCYUTNLJDEUGI
545200655,AlgorillaArmy#919,AGA919,RDBVA5E45XYECTHGSYSMUTAL4UAOVWTRM2SLPZZKLW4VWO2ZLGQGJ2PDKE
545199949,AlgorillaArmy#915,AGA915,ZKT77BRURE6BO27V6ERF2T3FU4KVQN2F2OOF5LZUKDU3XLCUHW2QY7H2EA
545208041,AlgorillaArmy#982,AGA982,H6NYYIEPHWS3EPQ3NF7FHH7O2EG6BKKPNV5BLNEYRODLQGKQGCITJY6TTM
545201734,AlgorillaArmy#931,AGA931,WFB5OGNSBHHPTHEAON4SCTFRPZFBFHUK5LTEUINYA5OUWRTXINKVJRELLE
545200819,AlgorillaArmy#921,AGA921,7MDCMLBIDSNT5HCROZ7TCOMK3OEEXXVTXRMIIZTQGXSC2ZD7YMY5CUMNVU
545198956,AlgorillaArmy#911,AGA911,BWBJ53OAF4RIJRH732IYDKFM6POSKPQNFPBSXRA7FEWSALN4NJAJMUBD6M
545202136,AlgorillaArmy#934,AGA934,33X3BD7QR4S7B57EWU2L7ISUWOR2JHQQ3ZHWGNYOCWDQKYGRZR4C2PQIHY
545200567,AlgorillaArmy#918,AGA918,ILCAM2MSVDZHW7IAOJ6T66LOP27SQJRJYM74HISNFFGM3QQKCNCHJL3HD4
545201204,AlgorillaArmy#925,AGA925,MIYXQAGY2KB7MLOGJVJ6NOXNTGNVRJSDD6U62XJVQCPE5OCYUTNLJDEUGI
545201380,AlgorillaArmy#927,AGA927,XGT3FU3GIBPDHBL34FZCJUYIIXQDKRUT7VBXYCQAOGVMJDMG3ZWG7O6PIE
545208608,AlgorillaArmy#986,AGA986,TGHI6BKUK7UUQA77CZ65MHHB4VRNCRFWRRONF564I7YZK4H622EG3C4SQU
545209805,AlgorillaArmy#995,AGA995,BHIPGYEIRKI5MW3RJZB3WS4WR6C74HPN6E2G24PHEYMETBX4NGMLWAOFC4
545210283,AlgorillaArmy#998,AGA998,U6EUIENPZ7HWKMXWYADONUBPYHHBIBLBJW2SUPCVLQS3VIH3AKG2TERNAQ
545204918,AlgorillaArmy#956,AGA956,BC6R4X25Q6CSBTSW47UA7IINK2DPJDSANRJJADRIUPSUM2TXBQYRXLE7ZA
545210512,AlgorillaArmy#1000,AGA1000,FKHR4TQWT46JXS2HEVYHHUDS62PPBN5KHNYJD2QTC4X2EAZ4ZEZ3ASRXQA
545204097,AlgorillaArmy#948,AGA948,V27JTWUVFP7D625AKFH3LQXZCPVHN2FK3OUXBQ6KYAY2KCZ7LOZOSBQY6U
545204322,AlgorillaArmy#950,AGA950,72RZHIPCPXLM4K47OVJWFV6EBBFE7VAMU4E5RHQFDB63T6KVGZCXPN7VKM
545201560,AlgorillaArmy#929,AGA929,XGT3FU3GIBPDHBL34FZCJUYIIXQDKRUT7VBXYCQAOGVMJDMG3ZWG7O6PIE
545204738,AlgorillaArmy#954,AGA954,JHSHW4K3WQR2Z3VXS7JDQHCCAK4BPVIUDRP3X27MUHSYUAYZU3H6CGG5KI
545204634,AlgorillaArmy#953,AGA953,NB74JTELAPWHOGGGPNK6VYYPFWVBPBC7BRLKC27RYB5PNGYAHONH6A5HSU
545203459,AlgorillaArmy#942,AGA942,OFZLNWDNLNEQ5Q4PB54HCYWURB2KW2BWPTVEZHY35NUC3M4CPJAQZHHZXY
545203805,AlgorillaArmy#945,AGA945,7MDCMLBIDSNT5HCROZ7TCOMK3OEEXXVTXRMIIZTQGXSC2ZD7YMY5CUMNVU
545206149,AlgorillaArmy#964,AGA964,5SUHH5CXOOHO6C4YQNOU435MC7XN3NDMVT7MFXMQXDU74Q4AWWWHEKSAFI
545209938,AlgorillaArmy#996,AGA996,BKUSIL5CJ7LA5VRPVJPSCZ2K47YB3DKH7RQ26G5DJ5OAC6TUNTEZBORSC4
545204207,AlgorillaArmy#949,AGA949,FV6ULFQITUJF5NLUFWCPAW3X2IWKAKFN6L257WQUER2H3JHRXM2BKJYJHA
545206386,AlgorillaArmy#966,AGA966,XGT3FU3GIBPDHBL34FZCJUYIIXQDKRUT7VBXYCQAOGVMJDMG3ZWG7O6PIE
545206754,AlgorillaArmy#970,AGA970,ZMQQ4LCS33EGC6INDI7XHYIM2GMLIR5PX46YOYE4PHK5JMY3HGDLJHKFQ4
545207698,AlgorillaArmy#979,AGA979,TRUAPE2SBUIP6T62JBY7BS2R6P3IXLEQEZLEDQFA57I6S6MEZBDOK7I37Y
545205428,AlgorillaArmy#960,AGA960,XEI3JPQDLYR5IJEWAHR7O6J4ED5IPKLBDO3WBQ2R6XUPEDUK3ZQP57WXKA
545205648,AlgorillaArmy#961,AGA961,DGDSUW4DNQH3O3CUAU46RVJOTUC3EY4CAAFUFQMHNOD5YNUTCEYKGVWGQY
545205309,AlgorillaArmy#959,AGA959,D47E5BSMT4CPPVRYK57TXYYAHZPMRP4XXWGXNY6A6YWUYMKITONTTBK5AE
545205874,AlgorillaArmy#962,AGA962,LDB2Q37IDQB53IJM6U3A4YNQNQOECCJ7EIUUWSJNFX2PTCWBG2K767UL34
545206857,AlgorillaArmy#971,AGA971,JNGVB2CC77ONQVG76TRGWH2SPDC4EEH4NHPA7DN3KAQDPCMZYL3HVZTAWY
545206464,AlgorillaArmy#967,AGA967,5JDXW6NQFTZP3ATREAFG5Z5KC6P7BEYONDNDRSN4LM467N3QD4T2N6LQ2Q
545205141,AlgorillaArmy#958,AGA958,KEWW7F6MREGFLVHNQB7LW7FV6LBOMBKLE6ISUNVHETDU34FV7RSAKKUYYM
545207228,AlgorillaArmy#974,AGA974,B65TFJP7LLFQA7LUWFROGTLINUF3KUUFJ2QTD7FHGDEYIGICOWZIGGYW5E
545208432,AlgorillaArmy#985,AGA985,NB74JTELAPWHOGGGPNK6VYYPFWVBPBC7BRLKC27RYB5PNGYAHONH6A5HSU
545207001,AlgorillaArmy#972,AGA972,MIYXQAGY2KB7MLOGJVJ6NOXNTGNVRJSDD6U62XJVQCPE5OCYUTNLJDEUGI
545208148,AlgorillaArmy#983,AGA983,FZJ4FJ525JHJQUA2X7YI2XJF26JJYOY23RDHGJSUGE6AVR6APCXQGXKGII
545207626,AlgorillaArmy#978,AGA978,QQFGXZAMUHASD73XDJJGJLT35OPJYXGPYRRFN3TUCD66EC2AFWFB2FNAP4
545209375,AlgorillaArmy#991,AGA991,DGDSUW4DNQH3O3CUAU46RVJOTUC3EY4CAAFUFQMHNOD5YNUTCEYKGVWGQY
545210106,AlgorillaArmy#997,AGA997,YAHDPGX4VAPKZJEX7HDUMZNFBKCUZ4YDCWLSPGLD7GPP63P7O7WW5A6AMQ
545209265,AlgorillaArmy#990,AGA990,VTWTQKW5EKENXSP4BCQACUEEU3X3UQDXFXSI46UBL6775FZRXZKHCNZBYY
545207836,AlgorillaArmy#980,AGA980,XGT3FU3GIBPDHBL34FZCJUYIIXQDKRUT7VBXYCQAOGVMJDMG3ZWG7O6PIE
545207535,AlgorillaArmy#977,AGA977,INI2O6GB3LIVOKXE7SJ6ASHPHEBPXJKAXOKV23MIZYKMK3POTHE6LDZ4SY
545209686,AlgorillaArmy#994,AGA994,BSFDDA6MR4KYCRZZJPI6MRGB4GJNFWEX4DR2JTAURWQUTR4VVLN5QSTDLQ
545206643,AlgorillaArmy#969,AGA969,FV6ULFQITUJF5NLUFWCPAW3X2IWKAKFN6L257WQUER2H3JHRXM2BKJYJHA
545209578,AlgorillaArmy#993,AGA993,PLGNHYQWMTWPXUEKGBNGRLUEPQYHFJXQY2X7SXKEHF3O7EJULU7ZVE342Y
545207414,AlgorillaArmy#976,AGA976,5JDXW6NQFTZP3ATREAFG5Z5KC6P7BEYONDNDRSN4LM467N3QD4T2N6LQ2Q
545209480,AlgorillaArmy#992,AGA992,I3ERMRMAC64MT2KEWOANDNRH6MISFCS64B7QLYVWMFC6GJ7YS7ZS77JMLM
545208819,AlgorillaArmy#987,AGA987,XGT3FU3GIBPDHBL34FZCJUYIIXQDKRUT7VBXYCQAOGVMJDMG3ZWG7O6PIE
545207920,AlgorillaArmy#981,AGA981,KG6PYBGFUKRC5IXN74O4HD57ZFJGXUJA6Y6W7YZ3ZR25GNUU4RLFGPXVCE
545208296,AlgorillaArmy#984,AGA984,FV6ULFQITUJF5NLUFWCPAW3X2IWKAKFN6L257WQUER2H3JHRXM2BKJYJHA
545210401,AlgorillaArmy#999,AGA999,MIYXQAGY2KB7MLOGJVJ6NOXNTGNVRJSDD6U62XJVQCPE5OCYUTNLJDEUGI
545209144,AlgorillaArmy#989,AGA989,33X3BD7QR4S7B57EWU2L7ISUWOR2JHQQ3ZHWGNYOCWDQKYGRZR4C2PQIHY
545209013,AlgorillaArmy#988,AGA988,NB74JTELAPWHOGGGPNK6VYYPFWVBPBC7BRLKC27RYB5PNGYAHONH6A5HSU
545404552,AlgorillaArmy#406,AGA406,PLCXWHTAPQEKGATW6SBJUOH3JHCFBYFPFSYWYZ7YMODE6IQ7JCRSKK6SRI
546877542,AlgorillaArmy#693,AGA693,NHIB2WBJCXU5IXZ6MDEGNQHUEKP677VMMXXUUSSZCAVKRWJC6YM7OXAWYQ
449562174,AlgorillaArmy#350,AGA350,GCCTLCADJ6E3TIIUL6D3ACRHWOZZDVNQWFQ255CRDEAQCQ734XSD672TKI
539418939,AlgorillaArmy#364,AGA364,VT22C3OC3SXUBPOPXVMKMFUYRFCQ5GXIAH7WXWTDQETONOIHJHSVW2AJXE
384694585,AlgorillaArmy#148,AGA148,N/A
449566529,AlgorillaArmy#351,AGA351,BTBRLPZ6HOCU3J7YFTDC3VA7FKKGYAGSIQLYEZPL6BIBRFWFY4FXXDDGFE
377739518,AlgorillaArmy#39,AGA39,GQVROS74V2QVBXGCQTAG2YNLO4IUN4ERQXMFN3MNCHECZOEPSLYR77F6XE
384744644,AlgorillaArmy#181,AGA181,N/A
378969698,AlgorillaArmy#84,AGA84,N/A
384753801,AlgorillaArmy#187,AGA187,MV6CIRS3CK7Y2BD64LZRG2LZPBRSY2MLB7YTALVOI4FRAWFDIPAAY3MDH4
409000943,AlgorillaArmy#222,AGA222,RT6H3BRS66SW2ONDVSTZANUTQMTU7FL6HRLZ7OH65E2LE37VGXIJ4QK7AY
425964096,AlgorillaArmy#297,AGA297,SBFUX2O6WTTN3OIL7B6E4YWWX55ISKQ7JFEECM7E7TGRGQRFIVTM5YORRI
408964128,AlgorillaArmy#208,AGA208,EYNJC65Z6FOSUKZ5HDYCRGQKFWHUX5XGIH756BK36ERF5LIGQ5PCA5CNGQ
449546434,AlgorillaArmy#345,AGA345,M7PIBNAFS5BOBHYC7QYWFCDZPW6HGWUPVD526X3TDR76ITQMQ2QXPS5ZBQ
377710781,AlgorillaArmy#19,AGA19,N/A
377713277,AlgorillaArmy#21,AGA21,N/A
377715609,AlgorillaArmy#23,AGA23,N/A
384692357,AlgorillaArmy#146,AGA146,FH4LIOZO4626TCAOOTF4LRQBSK3IY6YJX5ZKRIPDRKNXB5PJ5EX3UW2FCI
409063637,AlgorillaArmy#238,AGA238,UBAZS6OD3JPK3N7MA7NCNFHWQAJUWPALDIGNZIHWXNOBWGZ3MM2MUBVBK4
425946331,AlgorillaArmy#294,AGA294,N/A
384667861,AlgorillaArmy#126,AGA126,EOCLDE4HOMYDWDQVRQMAXLGUHYVPSFBMGTZDTDPIKOOQJMQMZBDUUDC4KY
