discord,address
Haroof#2313,ZKT77BRURE6BO27V6ERF2T3FU4KVQN2F2OOF5LZUKDU3XLCUHW2QY7H2EA
cauchy69.APE#8518,NB74JTELAPWHOGGGPNK6VYYPFWVBPBC7BRLKC27RYB5PNGYAHONH6A5HSU
Argonaut5000#8526,O6ITL3DHW6POOY6I75EABHLSJ6DJYJIAWO7JGM5RDMMHYZ2FVNIIN3SZXQ
Hashton#3027,DNGNQHQVABSSIQCTWLVWRJZXF6XPFZ2N5CGCEL3GOXRLO7DOWYTTID3BWU
MarcB247#5403,4WTQLJJZOA3VB7NJFGS2IPF7D7VBOYQMR5S6NFBY24XLKF3P234BKCIBLY
deads3t#7032,EQFVG4S4GWU3VOADVENCRDHKR2U3VX5VTE2KPOKLQHDJSQMVTMDCUGI26A
william#6469,KSEPV4R62GIUHJD6342M7NHOS5UPIKWMQYUWMCZG2XVYKW76WU365D66OQ
FleshWhistle69#9475,MV6CIRS3CK7Y2BD64LZRG2LZPBRSY2MLB7YTALVOI4FRAWFDIPAAY3MDH4
neus88#4254,PNVDFSETZEBXKTKDXEVUOYXLIVFY2WQTPUIURH5D6NB7XBYAHZNPG2BD5A
Silvo#3395,TTI3LNCRUT3LG6CUUGVLYRRDTH65ZSOBMMY672QL2XW3U5HGZKEDGWYSF4
402Graphics#0306,YRAEVMQNQ6SIHOKVKG3XBRK5K5DM2PNN5GLKHGB5YZILX5WCSPF4HGSFTE
iamdave#4196,KEWW7F6MREGFLVHNQB7LW7FV6LBOMBKLE6ISUNVHETDU34FV7RSAKKUYYM
Cheesesteak#1550,UPQ33WUL4XXXTOEVNZ62R77CNM5TGAORSRXGKN6WC245ELEQZXIMB7NNM4
Kostas145#2660,BXSAHPGA5FLUP5TJJRL24JZZTWXKAK3PRK45XSYPXZTRM3YNGFMJE2LOKA
cosmo#7749,FZY6J6CLIVTPNICVJGYR4MXHVVYTC5UHTSULZGV5TAPEOHI5U2ETRXJ75A
Bar'zeen#3886,E27IYRPJNZZZMRZWEYOMMEM5725GZHC5JKGTZZQOD3EZQUTCTT75XE7VNU
TresTres.algo#6052,CUB6FFX6LPYCIN7J3JMBO7F4FJXD3TNG2RKUSBL5FOFQDYPQLUWO3TKRXY
tv9#3068,XAFRHDEBAFZNPQO2F4L4BV4YZMY4OG7KGML36URVX47NJNPBKMTM2YNCII
Research#2468,A6VAZTTD7NYLECAARZBDK2BTVH7BBFAMKHZYYFW7Q35A4QGSVHEQYSRZAA
cbboy#3721,FCUD3AYN6ZIYXIOOD6P3PLDXBFIRZXYLX7V2IW3P4ZFYMSX5WVRBYU45II
masivelli.headline#9287,HR5XIJMJCLMQMEZSRZ7JSUVLDRSXEMSLXNYVFYD2VXG6Y6PJ4L44QAELMI
NKO2#6059,Y4HIRYAENFEY6OE55WQYW27Z2LRQ5DZB4VOQBOISXHFPABZRUISVIQK6YE
TheAccordionist#3293,RDBVA5E45XYECTHGSYSMUTAL4UAOVWTRM2SLPZZKLW4VWO2ZLGQGJ2PDKE
Blessed4aDay#2029,YEXPMKRK6UBGY4BQ7LQGEOPQX7NXSE3HCMU5RSYK5BD2ZXZ4SA4ILT6SOE
capnAhab#2531,4NDRVSLUITX5VXB6SAN76N5WD2FPHS7JUFLTKS2ZB2KU2R62TONGSEVBDU
Paco317#5203,QLCZOO7LSRCOS4VIANJQGTBFII2SAVTCR4ZSARP4ZEPYXNPDRCQ3MXQ4AE
Sethbaerto | IMMORTAL LordBeluga#3549,GZUS3ROE6T7QJA4LQTKKS7TGUFON3IZIGI7XLBJPZQDZSZTIYB2A2FDXQM
Duck.APE#6285,FZJ4FJ525JHJQUA2X7YI2XJF26JJYOY23RDHGJSUGE6AVR6APCXQGXKGII
logs.algo#2896,VPWCS7ZETGTBV2O5237RMTTFCWGZVPAYC777KGXNOP3OVRO7NGQ76P2FNE
Maani#6617,DUABBP5HFDG6DGBGNQ5FDKWB6V265DDB4T2ZAGOMIWWCYZ3AJ3DWVQA5KA
Chrundle#0857,RYAMX6ZCK3PDTLYFQEXXBIH7CIOXEYPSNZIBVWEKDVAU7ROHSYY5FA2GTY
CookieMonster#3008,IH5SOYVSFHY3LKELUWG5QOCVLDHPWFCKEJ3S64QQM4WIVAZVQBSIXRDRSM
rach#2348,HLPL7VVFXB75VPAEKFBJWHRHARIBEOAFM6VXHVSIRLYRQL42FE2YI7STTU
Horris#3179,MTDMQMPI7KXZM232IPF4ZXPCVA2H3KPOVSBHT43OHDCDNIS746RTCY3FQ4
pk#4254,ZZ33E7FV5POGBZWMADNQSZT6I6PXRDTUAWEDGDYPFJDTZMOQZW7PJNVORE
CjTheGreat#7465,JGYJLWWEW72B666VUYHJZBXIKBGFS5UDZKNTZYIIJONEVSYE32E7I5RYJY
Cryptozenesis#7113,FKHR4TQWT46JXS2HEVYHHUDS62PPBN5KHNYJD2QTC4X2EAZ4ZEZ3ASRXQA
esljones#3192,VTWTQKW5EKENXSP4BCQACUEEU3X3UQDXFXSI46UBL6775FZRXZKHCNZBYY
AlgoApes#2260,UOAQZDLKE3ETBJNEUMSZKHITFLVNJKLXOBFDJOSFORDCFZ2GV6INIUIPKQ
TheFlowingRiver#9271,PXMUJV366CPWAJNREPXD4SDFIF4NBRHI5XDYYJPL5W745XLGCJBI63NGDY
paparoz#6125,YAHDPGX4VAPKZJEX7HDUMZNFBKCUZ4YDCWLSPGLD7GPP63P7O7WW5A6AMQ
AlgoCatz#7007,R7HCUCNED4ZPBCHWIMNQVL7JMKPWVW7DVONV77DMAKLG6UTKY7LPUXPENE
LivingInBahstin#3625,DLO6VI4XJJWZOYUHSEKP3MVQZXGEOKDJUTTL5NJIS7UMXAPETOYLX3KNVE
gov.algo#4679,MIYXQAGY2KB7MLOGJVJ6NOXNTGNVRJSDD6U62XJVQCPE5OCYUTNLJDEUGI
PhilJFryLock#5937,URJQZSFLNVV5AOETQRMAUEFGZ6BBQVB3GUY2OZ4QTMIQ7Y2XPKBKQV6H44
Tru.APE#8332,TRUAPE2SBUIP6T62JBY7BS2R6P3IXLEQEZLEDQFA57I6S6MEZBDOK7I37Y
norweger1919#7934,KCQHW3G3KJHHUMFYFZNTBR2QYQEJKN2PENVJWHQUBC3OWAIEFZ7ID7IGWI
thoriumandironsdaddy.algobert#3757,5GRXDRQRNFM3XDWDF36ZEIHO6UUYUFY367G6EMUNWUZMZQOB2WWT3FWGHY
robs.algo#2929,RXOJ3RJMYEVYD5GDWEYGZDM6BULN3HRVHF5CQN7FIX2CHQ5L2FISBCCX2I
ðŸ„½ðŸ„°ðŸ„µ ðŸ„½ðŸ„¾ðŸ…ƒðŸ„°ðŸ„µðŸ„¸ðŸ…‚ðŸ„·#8580,3FCPZBBW2VPFYCTRK3JL4F7EEOB5I4JXQGALG3ITGRD62UPHEX6ZCUEFK4
El_Flako503#8113,DGDSUW4DNQH3O3CUAU46RVJOTUC3EY4CAAFUFQMHNOD5YNUTCEYKGVWGQY
bean.Ape#1932,QQFGXZAMUHASD73XDJJGJLT35OPJYXGPYRRFN3TUCD66EC2AFWFB2FNAP4
LittleFreak_171#6097,P4RQXVOD7A2HBD6ELH4YTUYDSEDQJCRFC2BLXUXHD4LFIIDMGHHM54MR64
Katie64867328#3411,TAQPPYD4XTWDLVHZBE5YPPWS7TGU6QIRWPL7N7FHENJVIKXZNLMDJ7KSR4
Nolank15#0322,YVGAIY7LRDLQ4NTIUZAZHVF7F7SAMX55ICQA46MK7AGNLE7BFPVZ6ARNFE
krisz944#6951,6RWB7C3RPMG556RC7PAHRDYP566COY4BRYUYQ5MOEBZGOQIHQ4HVIRPR4I
Cygnex#5756,CRTMRBCASXKDFDOK354XHOWZMDJEBM2PTX4KHJ3I5YYPW3OM2JN7M5JYFE
PFunk420#2249,5KEHO4XN6NFXTUEJOH26ZBLMHDK7YFGEBDIIHTFWF5KQLBLZLMBGZHJAXA
SunriseKW#8737,I52YXYK3PY4UXLCSEBAWSDY4DCDQZY6IV222KWOZTET6L77AKBRDIIBSPY
1EYED-WILLY#6698,KG6PYBGFUKRC5IXN74O4HD57ZFJGXUJA6Y6W7YZ3ZR25GNUU4RLFGPXVCE
liamjennings#1063,EA2QYL7HZEJSY2S3C2B4SPWWDBQZY7OXX76Q2EEPQGKJO5ZWUAQVL27PL4
dabulls#8185,NTUPBLALHK5MBAU6EHOM3B6XZID56RIVYLKJS5T6R5P45STPHEINQ7EPWE
strees#6468,B65TFJP7LLFQA7LUWFROGTLINUF3KUUFJ2QTD7FHGDEYIGICOWZIGGYW5E
Anonom#6008,OLVXHTGNUPIPKWVJBYROW5VRY4TUQUFHY4QEJBQZ7TR22DEED3IXEEG2F4
TURBO#5003,D4W7HMIYKQJRTZG6KIEP5AJP3V4RJ36WPFZOBCWBE4SJCQWYISMSETRNIQ
imrubex#9468,WNHR5ASC3MLL5HXCJGKMCDZ2GY44UONQNUX7W73V4JX5UBMFCM7Y6ODVEM
FR4X#0181,FR4XSE4W5HPTYTUE7KKPAFAJ4C27NIPE5FCJOMYX7MHWWM3DJ45NBLXP5I
Algone#2733,CYHBVBUBQROUSREYIGNNHC7CKDNWYYEPG6MFOU3OIXXJEMOKNEAOQ4X7GI
ThatDoesIt#6939,NDOSVXFCZQ7VVELN4RZEJFCUNZA7WKPVRROEUDPZXTBASV3TJRD6AABG5I
ALGOnQuinn#2865,ZXJK4ST5RWH56NHB54DHU647BZMUHLU7MWE4QGV2UBER4MIBQ3EHCMG5RM
tank#1832,BKUSIL5CJ7LA5VRPVJPSCZ2K47YB3DKH7RQ26G5DJ5OAC6TUNTEZBORSC4
Stuart.p.carney#4278,XGT3FU3GIBPDHBL34FZCJUYIIXQDKRUT7VBXYCQAOGVMJDMG3ZWG7O6PIE
ColeL23#1560,MG6LCZLFDXY35LLRZWRPE67J4QJZ4VLO3CVJY5AZ5BJ5U5SYHIZOW64FUI
videogirl#9774,HRAUIJ6VTRALCYU4DXHQITZSMMBDHKEIBPSGV37TZ2RO3BLPFSI63FDI4I
Stoned Vulture#6679,EC6RX2NCEMWEMTS3GHQQGJSERJQNY63MDYRHCHIILSEKGKEQGT4NHTYRHM
AlgoWhales#2282,7666EISCAZ6NSIB5MR633UKU5PU4LF2KGDAN2U6AMSQ7EPVJWAITX5EG7M
ÈºlgoRocket | Gekofam#0285,7MDCMLBIDSNT5HCROZ7TCOMK3OEEXXVTXRMIIZTQGXSC2ZD7YMY5CUMNVU
algoistheway#6121,PLCXWHTAPQEKGATW6SBJUOH3JHCFBYFPFSYWYZ7YMODE6IQ7JCRSKK6SRI
DTC#0120,MZRWGZ2LJMDV6LJDUDKNGLHSNQTCMBPOOYQ7J6NIRLBFGHZWBKSM4GHEHU
Stein#5435,STEINCMH2IQXMU37WR7SJH4WXXUGC2TB35WVMQRH3S5TOZE3VQRZEFJE5E
HeyZeus#3325,7GQEIW3OBCZCLDVRT2GGG3UVCRVF5QBFLCWU6RUSYZH757NYRMXV2GZIRM
larrythehun.algo#7128,5SUHH5CXOOHO6C4YQNOU435MC7XN3NDMVT7MFXMQXDU74Q4AWWWHEKSAFI
Bagman365#5871,FV6ULFQITUJF5NLUFWCPAW3X2IWKAKFN6L257WQUER2H3JHRXM2BKJYJHA
dany136#3419,RPWKOP25RTFPS3WZOVRCZTL7XQR4J4BCHY4EW3BXVMFYS4TYAX6MI6GAVQ
QCryptoQueen#0203,DXSUW6OYFBU4GVM2H7HQGN64VJHRALO2LB7JL63M45O7G7L32BLM3QUQHI
csunde#1386,ORVKAW7W6RSLFSBAFFMC7H4JNPXJ3QA2VDQ575JAYCZSDEZRZ6AWJ2WAFU
Sneek#2166,SBFUX2O6WTTN3OIL7B6E4YWWX55ISKQ7JFEECM7E7TGRGQRFIVTM5YORRI
Keegs#3004,IG3XWSFEEA5463G5OCQNMJUXW6U6OK4RSLWUAR7BGJ3D7OS223NBQGBQOI